entity,code,year,alcohol__consumers_past_12_months__pct__age_standardized__sex_both_sexes
Afghanistan,AFG,2000,2.0347254
Afghanistan,AFG,2001,2.0323286
Afghanistan,AFG,2002,2.0338328
Afghanistan,AFG,2003,2.034417
Afghanistan,AFG,2004,2.0353365
Afghanistan,AFG,2005,2.034475
Afghanistan,AFG,2006,2.0385587
Afghanistan,AFG,2007,2.029229
Afghanistan,AFG,2008,2.0223596
Afghanistan,AFG,2009,2.0189097
Afghanistan,AFG,2010,2.015811
Afghanistan,AFG,2011,2.0109367
Afghanistan,AFG,2012,2.0189824
Afghanistan,AFG,2013,2.0237124
Afghanistan,AFG,2014,2.0295908
Afghanistan,AFG,2015,2.0340097
Afghanistan,AFG,2016,2.0380528
Afghanistan,AFG,2017,2.0431113
Afghanistan,AFG,2018,2.0470462
Afghanistan,AFG,2019,2.0537293
Afghanistan,AFG,2020,2.05695
Albania,ALB,2000,48.523636
Albania,ALB,2001,50.01528
Albania,ALB,2002,48.02789
Albania,ALB,2003,49.104122
Albania,ALB,2004,49.288074
Albania,ALB,2005,50.286194
Albania,ALB,2006,50.612762
Albania,ALB,2007,51.307884
Albania,ALB,2008,51.586132
Albania,ALB,2009,52.10518
Albania,ALB,2010,50.82645
Albania,ALB,2011,51.3642
Albania,ALB,2012,50.137333
Albania,ALB,2013,49.649315
Albania,ALB,2014,49.23446
Albania,ALB,2015,50.113594
Albania,ALB,2016,50.38156
Albania,ALB,2017,50.4808
Albania,ALB,2018,50.23964
Albania,ALB,2019,50.239006
Albania,ALB,2020,48.85442
Algeria,DZA,2000,6.8792095
Algeria,DZA,2001,6.8999004
Algeria,DZA,2002,7.0926223
Algeria,DZA,2003,7.156914
Algeria,DZA,2004,7.347112
Algeria,DZA,2005,7.499939
Algeria,DZA,2006,7.4515424
Algeria,DZA,2007,7.512191
Algeria,DZA,2008,7.6154118
Algeria,DZA,2009,7.710256
Algeria,DZA,2010,7.740641
Algeria,DZA,2011,7.8470526
Algeria,DZA,2012,7.9027977
Algeria,DZA,2013,7.96388
Algeria,DZA,2014,8.027819
Algeria,DZA,2015,8.010046
Algeria,DZA,2016,8.008078
Algeria,DZA,2017,8.032456
Algeria,DZA,2018,8.061224
Algeria,DZA,2019,8.041796
Algeria,DZA,2020,7.8993516
Andorra,AND,2000,84.29524
Andorra,AND,2001,84.728065
Andorra,AND,2002,84.26305
Andorra,AND,2003,84.42936
Andorra,AND,2004,84.60474
Andorra,AND,2005,84.88521
Andorra,AND,2006,85.05627
Andorra,AND,2007,84.74115
Andorra,AND,2008,84.1411
Andorra,AND,2009,83.815926
Andorra,AND,2010,83.04372
Andorra,AND,2011,82.821724
Andorra,AND,2012,82.4606
Andorra,AND,2013,82.34317
Andorra,AND,2014,82.27695
Andorra,AND,2015,83.213585
Andorra,AND,2016,83.37249
Andorra,AND,2017,83.42103
Andorra,AND,2018,83.202446
Andorra,AND,2019,83.46819
Andorra,AND,2020,82.505775
Angola,AGO,2000,50.990143
Angola,AGO,2001,51.927483
Angola,AGO,2002,52.23435
Angola,AGO,2003,52.455963
Angola,AGO,2004,52.923016
Angola,AGO,2005,55.221916
Angola,AGO,2006,56.10612
Angola,AGO,2007,56.504776
Angola,AGO,2008,57.31113
Angola,AGO,2009,57.300865
Angola,AGO,2010,58.260292
Angola,AGO,2011,58.457603
Angola,AGO,2012,58.84193
Angola,AGO,2013,58.704067
Angola,AGO,2014,59.415188
Angola,AGO,2015,56.91746
Angola,AGO,2016,55.931404
Angola,AGO,2017,55.691593
Angola,AGO,2018,55.06725
Angola,AGO,2019,53.103508
Angola,AGO,2020,50.349514
Antigua and Barbuda,ATG,2000,50.947685
Antigua and Barbuda,ATG,2001,50.96197
Antigua and Barbuda,ATG,2002,50.581974
Antigua and Barbuda,ATG,2003,50.56766
Antigua and Barbuda,ATG,2004,50.78157
Antigua and Barbuda,ATG,2005,52.927937
Antigua and Barbuda,ATG,2006,54.107002
Antigua and Barbuda,ATG,2007,54.249557
Antigua and Barbuda,ATG,2008,54.046574
Antigua and Barbuda,ATG,2009,52.80013
Antigua and Barbuda,ATG,2010,52.129963
Antigua and Barbuda,ATG,2011,52.032322
Antigua and Barbuda,ATG,2012,53.1757
Antigua and Barbuda,ATG,2013,54.39616
Antigua and Barbuda,ATG,2014,54.537205
Antigua and Barbuda,ATG,2015,54.176083
Antigua and Barbuda,ATG,2016,55.1437
Antigua and Barbuda,ATG,2017,56.045048
Antigua and Barbuda,ATG,2018,56.696327
Antigua and Barbuda,ATG,2019,56.461365
Antigua and Barbuda,ATG,2020,53.13323
Argentina,ARG,2000,69.43401
Argentina,ARG,2001,68.94743
Argentina,ARG,2002,67.54988
Argentina,ARG,2003,67.381035
Argentina,ARG,2004,67.84729
Argentina,ARG,2005,68.261086
Argentina,ARG,2006,68.53161
Argentina,ARG,2007,69.7717
Argentina,ARG,2008,69.86983
Argentina,ARG,2009,69.569
Argentina,ARG,2010,70.41376
Argentina,ARG,2011,70.79783
Argentina,ARG,2012,71.14541
Argentina,ARG,2013,71.45868
Argentina,ARG,2014,71.12225
Argentina,ARG,2015,71.68068
Argentina,ARG,2016,71.38726
Argentina,ARG,2017,71.47347
Argentina,ARG,2018,71.13354
Argentina,ARG,2019,70.646324
Argentina,ARG,2020,71.0196
Armenia,ARM,2000,45.902237
Armenia,ARM,2001,45.74052
Armenia,ARM,2002,45.6512
Armenia,ARM,2003,45.942253
Armenia,ARM,2004,47.448776
Armenia,ARM,2005,48.40425
Armenia,ARM,2006,48.226887
Armenia,ARM,2007,48.51166
Armenia,ARM,2008,48.628418
Armenia,ARM,2009,48.79865
Armenia,ARM,2010,49.552578
Armenia,ARM,2011,49.48705
Armenia,ARM,2012,49.44293
Armenia,ARM,2013,49.622242
Armenia,ARM,2014,50.247913
Armenia,ARM,2015,49.858097
Armenia,ARM,2016,49.691273
Armenia,ARM,2017,49.93387
Armenia,ARM,2018,49.979694
Armenia,ARM,2019,50.6018
Armenia,ARM,2020,48.700245
Australia,AUS,2000,79.96449
Australia,AUS,2001,79.50843
Australia,AUS,2002,79.81306
Australia,AUS,2003,79.95475
Australia,AUS,2004,79.9454
Australia,AUS,2005,80.33815
Australia,AUS,2006,80.43716
Australia,AUS,2007,80.73955
Australia,AUS,2008,80.90854
Australia,AUS,2009,80.98628
Australia,AUS,2010,80.81136
Australia,AUS,2011,80.80217
Australia,AUS,2012,80.617966
Australia,AUS,2013,80.750084
Australia,AUS,2014,80.68804
Australia,AUS,2015,80.432556
Australia,AUS,2016,80.52803
Australia,AUS,2017,80.335785
Australia,AUS,2018,80.41659
Australia,AUS,2019,80.47202
Australia,AUS,2020,80.67013
Austria,AUT,2000,79.42733
Austria,AUT,2001,78.952896
Austria,AUT,2002,78.82043
Austria,AUT,2003,79.12697
Austria,AUT,2004,79.01664
Austria,AUT,2005,79.083664
Austria,AUT,2006,79.39966
Austria,AUT,2007,79.45319
Austria,AUT,2008,79.22446
Austria,AUT,2009,78.896385
Austria,AUT,2010,79.182785
Austria,AUT,2011,79.251755
Austria,AUT,2012,79.513306
Austria,AUT,2013,79.59869
Austria,AUT,2014,79.82449
Austria,AUT,2015,79.40386
Austria,AUT,2016,79.68641
Austria,AUT,2017,79.70932
Austria,AUT,2018,79.884254
Austria,AUT,2019,80.09822
Austria,AUT,2020,79.40176
Azerbaijan,AZE,2000,13.683568
Azerbaijan,AZE,2001,13.572696
Azerbaijan,AZE,2002,13.52492
Azerbaijan,AZE,2003,13.425879
Azerbaijan,AZE,2004,13.472
Azerbaijan,AZE,2005,13.684278
Azerbaijan,AZE,2006,14.043023
Azerbaijan,AZE,2007,14.369109
Azerbaijan,AZE,2008,14.683788
Azerbaijan,AZE,2009,14.076624
Azerbaijan,AZE,2010,14.680299
Azerbaijan,AZE,2011,14.15908
Azerbaijan,AZE,2012,14.249041
Azerbaijan,AZE,2013,14.063389
Azerbaijan,AZE,2014,14.229796
Azerbaijan,AZE,2015,14.264089
Azerbaijan,AZE,2016,13.987327
Azerbaijan,AZE,2017,14.008211
Azerbaijan,AZE,2018,14.836398
Azerbaijan,AZE,2019,15.644181
Azerbaijan,AZE,2020,15.498831
Bahamas,BHS,2000,53.027134
Bahamas,BHS,2001,52.650112
Bahamas,BHS,2002,52.365467
Bahamas,BHS,2003,52.12781
Bahamas,BHS,2004,52.260223
Bahamas,BHS,2005,52.41899
Bahamas,BHS,2006,53.150513
Bahamas,BHS,2007,53.227924
Bahamas,BHS,2008,52.622967
Bahamas,BHS,2009,51.482403
Bahamas,BHS,2010,51.501293
Bahamas,BHS,2011,51.54675
Bahamas,BHS,2012,51.68103
Bahamas,BHS,2013,51.488556
Bahamas,BHS,2014,51.646687
Bahamas,BHS,2015,51.732784
Bahamas,BHS,2016,51.70652
Bahamas,BHS,2017,51.92344
Bahamas,BHS,2018,52.063038
Bahamas,BHS,2019,52.202774
Bahamas,BHS,2020,49.49312
Bahrain,BHR,2000,19.414856
Bahrain,BHR,2001,19.395658
Bahrain,BHR,2002,19.64509
Bahrain,BHR,2003,19.31207
Bahrain,BHR,2004,19.704521
Bahrain,BHR,2005,20.32723
Bahrain,BHR,2006,20.472971
Bahrain,BHR,2007,21.188925
Bahrain,BHR,2008,21.815838
Bahrain,BHR,2009,22.056934
Bahrain,BHR,2010,22.458317
Bahrain,BHR,2011,22.105923
Bahrain,BHR,2012,22.711843
Bahrain,BHR,2013,22.701231
Bahrain,BHR,2014,22.356928
Bahrain,BHR,2015,21.188393
Bahrain,BHR,2016,20.901516
Bahrain,BHR,2017,21.331596
Bahrain,BHR,2018,21.230448
Bahrain,BHR,2019,21.129538
Bahrain,BHR,2020,19.98947
Bangladesh,BGD,2000,5.168991
Bangladesh,BGD,2001,5.170835
Bangladesh,BGD,2002,5.1696844
Bangladesh,BGD,2003,5.1696696
Bangladesh,BGD,2004,5.169116
Bangladesh,BGD,2005,5.1690626
Bangladesh,BGD,2006,5.171074
Bangladesh,BGD,2007,5.1734796
Bangladesh,BGD,2008,5.172133
Bangladesh,BGD,2009,5.1679673
Bangladesh,BGD,2010,5.1720223
Bangladesh,BGD,2011,5.184207
Bangladesh,BGD,2012,5.2033257
Bangladesh,BGD,2013,5.2146044
Bangladesh,BGD,2014,5.228322
Bangladesh,BGD,2015,5.239269
Bangladesh,BGD,2016,5.303007
Bangladesh,BGD,2017,5.319549
Bangladesh,BGD,2018,5.3447757
Bangladesh,BGD,2019,5.3720636
Bangladesh,BGD,2020,5.4472075
Barbados,BRB,2000,52.905254
Barbados,BRB,2001,52.69454
Barbados,BRB,2002,52.97509
Barbados,BRB,2003,52.90334
Barbados,BRB,2004,53.51839
Barbados,BRB,2005,54.390984
Barbados,BRB,2006,54.920586
Barbados,BRB,2007,54.714985
Barbados,BRB,2008,55.685783
Barbados,BRB,2009,54.856922
Barbados,BRB,2010,54.76872
Barbados,BRB,2011,54.870274
Barbados,BRB,2012,54.966003
Barbados,BRB,2013,55.075985
Barbados,BRB,2014,55.196114
Barbados,BRB,2015,55.583557
Barbados,BRB,2016,56.121346
Barbados,BRB,2017,55.80387
Barbados,BRB,2018,55.708744
Barbados,BRB,2019,55.776962
Barbados,BRB,2020,53.657776
Belarus,BLR,2000,70.089775
Belarus,BLR,2001,68.46863
Belarus,BLR,2002,69.25647
Belarus,BLR,2003,68.813576
Belarus,BLR,2004,69.55964
Belarus,BLR,2005,69.048164
Belarus,BLR,2006,70.20383
Belarus,BLR,2007,71.14074
Belarus,BLR,2008,71.68185
Belarus,BLR,2009,71.48612
Belarus,BLR,2010,71.83532
Belarus,BLR,2011,71.99581
Belarus,BLR,2012,71.605606
Belarus,BLR,2013,71.03872
Belarus,BLR,2014,70.0945
Belarus,BLR,2015,68.73366
Belarus,BLR,2016,68.58533
Belarus,BLR,2017,68.54298
Belarus,BLR,2018,68.78647
Belarus,BLR,2019,69.12954
Belarus,BLR,2020,69.301834
Belgium,BEL,2000,77.452446
Belgium,BEL,2001,77.34907
Belgium,BEL,2002,77.6935
Belgium,BEL,2003,77.533554
Belgium,BEL,2004,77.515366
Belgium,BEL,2005,77.50219
Belgium,BEL,2006,77.65591
Belgium,BEL,2007,77.5745
Belgium,BEL,2008,78.15782
Belgium,BEL,2009,77.75055
Belgium,BEL,2010,78.03236
Belgium,BEL,2011,77.96564
Belgium,BEL,2012,77.97592
Belgium,BEL,2013,78.21913
Belgium,BEL,2014,78.434235
Belgium,BEL,2015,78.30314
Belgium,BEL,2016,77.6683
Belgium,BEL,2017,77.65683
Belgium,BEL,2018,77.691895
Belgium,BEL,2019,77.69922
Belgium,BEL,2020,76.806694
Belize,BLZ,2000,47.901752
Belize,BLZ,2001,48.118805
Belize,BLZ,2002,48.247086
Belize,BLZ,2003,50.366817
Belize,BLZ,2004,50.505287
Belize,BLZ,2005,50.76997
Belize,BLZ,2006,50.98124
Belize,BLZ,2007,52.096092
Belize,BLZ,2008,52.026936
Belize,BLZ,2009,51.213844
Belize,BLZ,2010,51.286743
Belize,BLZ,2011,51.12756
Belize,BLZ,2012,51.210873
Belize,BLZ,2013,51.59182
Belize,BLZ,2014,51.851418
Belize,BLZ,2015,51.885857
Belize,BLZ,2016,51.58206
Belize,BLZ,2017,50.97073
Belize,BLZ,2018,50.81492
Belize,BLZ,2019,50.65631
Belize,BLZ,2020,46.75574
Benin,BEN,2000,33.925182
Benin,BEN,2001,33.553967
Benin,BEN,2002,33.35038
Benin,BEN,2003,34.11634
Benin,BEN,2004,33.211395
Benin,BEN,2005,33.088703
Benin,BEN,2006,33.13898
Benin,BEN,2007,32.52063
Benin,BEN,2008,33.77336
Benin,BEN,2009,33.69774
Benin,BEN,2010,45.007553
Benin,BEN,2011,45.437775
Benin,BEN,2012,45.659416
Benin,BEN,2013,45.882343
Benin,BEN,2014,44.820507
Benin,BEN,2015,44.703762
Benin,BEN,2016,44.27819
Benin,BEN,2017,43.89314
Benin,BEN,2018,45.703907
Benin,BEN,2019,45.613865
Benin,BEN,2020,45.890793
Bhutan,BTN,2000,36.686054
Bhutan,BTN,2001,35.645855
Bhutan,BTN,2002,28.924097
Bhutan,BTN,2003,30.711958
Bhutan,BTN,2004,33.7662
Bhutan,BTN,2005,32.48444
Bhutan,BTN,2006,29.507631
Bhutan,BTN,2007,28.723164
Bhutan,BTN,2008,28.88203
Bhutan,BTN,2009,29.027729
Bhutan,BTN,2010,29.763752
Bhutan,BTN,2011,30.11768
Bhutan,BTN,2012,30.843914
Bhutan,BTN,2013,30.858604
Bhutan,BTN,2014,30.400066
Bhutan,BTN,2015,29.486301
Bhutan,BTN,2016,29.929966
Bhutan,BTN,2017,30.155853
Bhutan,BTN,2018,30.337023
Bhutan,BTN,2019,30.558958
Bhutan,BTN,2020,30.3217
Bolivia,BOL,2000,60.773632
Bolivia,BOL,2001,60.4854
Bolivia,BOL,2002,60.58607
Bolivia,BOL,2003,60.7406
Bolivia,BOL,2004,61.312553
Bolivia,BOL,2005,61.701008
Bolivia,BOL,2006,62.317986
Bolivia,BOL,2007,62.75568
Bolivia,BOL,2008,63.252823
Bolivia,BOL,2009,63.49529
Bolivia,BOL,2010,63.170834
Bolivia,BOL,2011,63.10356
Bolivia,BOL,2012,63.078716
Bolivia,BOL,2013,63.097607
Bolivia,BOL,2014,63.08613
Bolivia,BOL,2015,63.077274
Bolivia,BOL,2016,63.06933
Bolivia,BOL,2017,63.02927
Bolivia,BOL,2018,62.956635
Bolivia,BOL,2019,62.843246
Bolivia,BOL,2020,62.222435
Bosnia and Herzegovina,BIH,2000,39.356808
Bosnia and Herzegovina,BIH,2001,39.8759
Bosnia and Herzegovina,BIH,2002,39.8465
Bosnia and Herzegovina,BIH,2003,40.314465
Bosnia and Herzegovina,BIH,2004,40.5353
Bosnia and Herzegovina,BIH,2005,41.22036
Bosnia and Herzegovina,BIH,2006,41.803226
Bosnia and Herzegovina,BIH,2007,42.551483
Bosnia and Herzegovina,BIH,2008,42.714836
Bosnia and Herzegovina,BIH,2009,42.044582
Bosnia and Herzegovina,BIH,2010,41.810577
Bosnia and Herzegovina,BIH,2011,42.14702
Bosnia and Herzegovina,BIH,2012,42.31506
Bosnia and Herzegovina,BIH,2013,42.00407
Bosnia and Herzegovina,BIH,2014,41.984818
Bosnia and Herzegovina,BIH,2015,42.47588
Bosnia and Herzegovina,BIH,2016,42.9035
Bosnia and Herzegovina,BIH,2017,43.409065
Bosnia and Herzegovina,BIH,2018,43.920143
Bosnia and Herzegovina,BIH,2019,43.489296
Bosnia and Herzegovina,BIH,2020,42.605297
Botswana,BWA,2000,27.03647
Botswana,BWA,2001,27.345734
Botswana,BWA,2002,28.914824
Botswana,BWA,2003,27.943655
Botswana,BWA,2004,27.63321
Botswana,BWA,2005,29.329556
Botswana,BWA,2006,30.7812
Botswana,BWA,2007,30.6505
Botswana,BWA,2008,31.748737
Botswana,BWA,2009,28.327732
Botswana,BWA,2010,30.396673
Botswana,BWA,2011,32.23608
Botswana,BWA,2012,30.754087
Botswana,BWA,2013,29.663263
Botswana,BWA,2014,30.991236
Botswana,BWA,2015,30.657366
Botswana,BWA,2016,30.682512
Botswana,BWA,2017,32.292274
Botswana,BWA,2018,32.539852
Botswana,BWA,2019,33.391003
Botswana,BWA,2020,31.182743
Brazil,BRA,2000,52.903866
Brazil,BRA,2001,53.58272
Brazil,BRA,2002,54.730507
Brazil,BRA,2003,54.270054
Brazil,BRA,2004,55.62114
Brazil,BRA,2005,56.28401
Brazil,BRA,2006,59.299824
Brazil,BRA,2007,57.217644
Brazil,BRA,2008,57.67055
Brazil,BRA,2009,58.00158
Brazil,BRA,2010,57.963886
Brazil,BRA,2011,58.863644
Brazil,BRA,2012,58.096428
Brazil,BRA,2013,57.034103
Brazil,BRA,2014,56.95652
Brazil,BRA,2015,56.85754
Brazil,BRA,2016,57.26915
Brazil,BRA,2017,56.791393
Brazil,BRA,2018,58.09791
Brazil,BRA,2019,58.085323
Brazil,BRA,2020,58.037422
Brunei,BRN,2000,36.165245
Brunei,BRN,2001,36.448982
Brunei,BRN,2002,36.22119
Brunei,BRN,2003,36.415985
Brunei,BRN,2004,36.50357
Brunei,BRN,2005,36.77695
Brunei,BRN,2006,38.285545
Brunei,BRN,2007,38.784172
Brunei,BRN,2008,38.366768
Brunei,BRN,2009,37.468437
Brunei,BRN,2010,37.787193
Brunei,BRN,2011,39.426914
Brunei,BRN,2012,40.23465
Brunei,BRN,2013,39.11443
Brunei,BRN,2014,38.639645
Brunei,BRN,2015,35.284275
Brunei,BRN,2016,34.09339
Brunei,BRN,2017,34.903545
Brunei,BRN,2018,34.99401
Brunei,BRN,2019,35.453896
Brunei,BRN,2020,35.79468
Bulgaria,BGR,2000,63.5622
Bulgaria,BGR,2001,64.41209
Bulgaria,BGR,2002,64.23734
Bulgaria,BGR,2003,64.41889
Bulgaria,BGR,2004,63.85973
Bulgaria,BGR,2005,63.545628
Bulgaria,BGR,2006,63.71296
Bulgaria,BGR,2007,64.42142
Bulgaria,BGR,2008,64.784935
Bulgaria,BGR,2009,64.57299
Bulgaria,BGR,2010,64.27812
Bulgaria,BGR,2011,64.45181
Bulgaria,BGR,2012,65.45496
Bulgaria,BGR,2013,64.917984
Bulgaria,BGR,2014,64.93222
Bulgaria,BGR,2015,65.527855
Bulgaria,BGR,2016,65.83939
Bulgaria,BGR,2017,65.72095
Bulgaria,BGR,2018,66.33035
Bulgaria,BGR,2019,66.21207
Bulgaria,BGR,2020,65.76396
Burkina Faso,BFA,2000,26.58682
Burkina Faso,BFA,2001,28.140627
Burkina Faso,BFA,2002,28.001022
Burkina Faso,BFA,2003,28.106325
Burkina Faso,BFA,2004,27.999111
Burkina Faso,BFA,2005,28.533442
Burkina Faso,BFA,2006,28.253225
Burkina Faso,BFA,2007,28.021896
Burkina Faso,BFA,2008,27.80335
Burkina Faso,BFA,2009,27.747147
Burkina Faso,BFA,2010,27.600826
Burkina Faso,BFA,2011,27.433754
Burkina Faso,BFA,2012,27.809088
Burkina Faso,BFA,2013,27.700556
Burkina Faso,BFA,2014,29.639946
Burkina Faso,BFA,2015,29.75383
Burkina Faso,BFA,2016,29.790413
Burkina Faso,BFA,2017,29.918234
Burkina Faso,BFA,2018,29.936712
Burkina Faso,BFA,2019,30.014732
Burkina Faso,BFA,2020,31.711504
Burundi,BDI,2000,41.38113
Burundi,BDI,2001,40.046623
Burundi,BDI,2002,40.017647
Burundi,BDI,2003,39.613747
Burundi,BDI,2004,39.03238
Burundi,BDI,2005,38.855553
Burundi,BDI,2006,39.08038
Burundi,BDI,2007,39.50078
Burundi,BDI,2008,39.2297
Burundi,BDI,2009,39.42249
Burundi,BDI,2010,39.82925
Burundi,BDI,2011,39.285778
Burundi,BDI,2012,34.373676
Burundi,BDI,2013,36.995995
Burundi,BDI,2014,36.222397
Burundi,BDI,2015,36.328205
Burundi,BDI,2016,36.06614
Burundi,BDI,2017,36.132812
Burundi,BDI,2018,35.93648
Burundi,BDI,2019,35.64537
Burundi,BDI,2020,35.734943
Cambodia,KHM,2000,36.760864
Cambodia,KHM,2001,36.768894
Cambodia,KHM,2002,37.569786
Cambodia,KHM,2003,38.110424
Cambodia,KHM,2004,38.508728
Cambodia,KHM,2005,39.82644
Cambodia,KHM,2006,40.297184
Cambodia,KHM,2007,41.01355
Cambodia,KHM,2008,41.46552
Cambodia,KHM,2009,41.89939
Cambodia,KHM,2010,45.15222
Cambodia,KHM,2011,46.21982
Cambodia,KHM,2012,46.852695
Cambodia,KHM,2013,47.959
Cambodia,KHM,2014,48.861286
Cambodia,KHM,2015,49.71895
Cambodia,KHM,2016,51.013565
Cambodia,KHM,2017,51.872772
Cambodia,KHM,2018,52.420547
Cambodia,KHM,2019,52.73261
Cambodia,KHM,2020,49.242138
Cameroon,CMR,2000,49.13275
Cameroon,CMR,2001,50.256474
Cameroon,CMR,2002,50.66618
Cameroon,CMR,2003,50.90617
Cameroon,CMR,2004,51.100655
Cameroon,CMR,2005,51.62194
Cameroon,CMR,2006,52.10582
Cameroon,CMR,2007,52.479786
Cameroon,CMR,2008,53.0083
Cameroon,CMR,2009,53.441498
Cameroon,CMR,2010,53.88499
Cameroon,CMR,2011,53.926285
Cameroon,CMR,2012,54.480553
Cameroon,CMR,2013,54.641273
Cameroon,CMR,2014,52.358997
Cameroon,CMR,2015,52.012146
Cameroon,CMR,2016,51.194336
Cameroon,CMR,2017,51.14846
Cameroon,CMR,2018,51.020386
Cameroon,CMR,2019,50.899582
Cameroon,CMR,2020,50.210033
Canada,CAN,2000,68.39903
Canada,CAN,2001,68.552605
Canada,CAN,2002,68.624435
Canada,CAN,2003,68.82787
Canada,CAN,2004,68.96968
Canada,CAN,2005,69.34191
Canada,CAN,2006,69.69321
Canada,CAN,2007,69.90587
Canada,CAN,2008,69.93326
Canada,CAN,2009,69.80699
Canada,CAN,2010,69.88088
Canada,CAN,2011,69.75827
Canada,CAN,2012,69.75604
Canada,CAN,2013,69.78767
Canada,CAN,2014,69.70048
Canada,CAN,2015,69.38045
Canada,CAN,2016,69.595665
Canada,CAN,2017,69.632835
Canada,CAN,2018,69.6603
Canada,CAN,2019,69.430046
Canada,CAN,2020,69.17392
Cape Verde,CPV,2000,48.935585
Cape Verde,CPV,2001,49.77772
Cape Verde,CPV,2002,50.10319
Cape Verde,CPV,2003,50.321774
Cape Verde,CPV,2004,51.435825
Cape Verde,CPV,2005,51.052353
Cape Verde,CPV,2006,52.69544
Cape Verde,CPV,2007,54.064205
Cape Verde,CPV,2008,51.889378
Cape Verde,CPV,2009,52.63279
Cape Verde,CPV,2010,54.626648
Cape Verde,CPV,2011,54.52637
Cape Verde,CPV,2012,54.350994
Cape Verde,CPV,2013,53.89862
Cape Verde,CPV,2014,54.517235
Cape Verde,CPV,2015,55.29696
Cape Verde,CPV,2016,56.33769
Cape Verde,CPV,2017,56.86107
Cape Verde,CPV,2018,56.827454
Cape Verde,CPV,2019,57.08544
Cape Verde,CPV,2020,56.523922
Central African Republic,CAF,2000,40.714462
Central African Republic,CAF,2001,40.694626
Central African Republic,CAF,2002,40.35632
Central African Republic,CAF,2003,40.272655
Central African Republic,CAF,2004,40.248074
Central African Republic,CAF,2005,40.086376
Central African Republic,CAF,2006,40.194756
Central African Republic,CAF,2007,40.319836
Central African Republic,CAF,2008,40.428936
Central African Republic,CAF,2009,40.12563
Central African Republic,CAF,2010,40.357983
Central African Republic,CAF,2011,40.510326
Central African Republic,CAF,2012,40.47112
Central African Republic,CAF,2013,38.13921
Central African Republic,CAF,2014,38.056156
Central African Republic,CAF,2015,38.324066
Central African Republic,CAF,2016,38.28981
Central African Republic,CAF,2017,38.126297
Central African Republic,CAF,2018,37.970882
Central African Republic,CAF,2019,37.853195
Central African Republic,CAF,2020,37.320614
Chad,TCD,2000,20.000483
Chad,TCD,2001,20.640017
Chad,TCD,2002,21.16345
Chad,TCD,2003,22.129488
Chad,TCD,2004,20.93224
Chad,TCD,2005,22.220701
Chad,TCD,2006,21.958126
Chad,TCD,2007,21.948252
Chad,TCD,2008,22.318136
Chad,TCD,2009,22.56278
Chad,TCD,2010,22.845783
Chad,TCD,2011,23.550854
Chad,TCD,2012,23.585575
Chad,TCD,2013,23.870075
Chad,TCD,2014,24.413605
Chad,TCD,2015,24.367628
Chad,TCD,2016,24.044117
Chad,TCD,2017,23.227783
Chad,TCD,2018,22.815279
Chad,TCD,2019,22.389526
Chad,TCD,2020,21.362757
Chile,CHL,2000,69.8029
Chile,CHL,2001,69.59295
Chile,CHL,2002,69.507545
Chile,CHL,2003,69.8801
Chile,CHL,2004,69.7891
Chile,CHL,2005,71.18205
Chile,CHL,2006,71.034775
Chile,CHL,2007,71.11774
Chile,CHL,2008,70.98864
Chile,CHL,2009,71.31322
Chile,CHL,2010,71.26865
Chile,CHL,2011,70.81436
Chile,CHL,2012,72.18401
Chile,CHL,2013,71.10533
Chile,CHL,2014,71.79116
Chile,CHL,2015,71.7352
Chile,CHL,2016,70.16604
Chile,CHL,2017,69.41868
Chile,CHL,2018,70.16702
Chile,CHL,2019,71.03092
Chile,CHL,2020,71.06615
China,CHN,2000,55.4333
China,CHN,2001,54.694374
China,CHN,2002,54.140404
China,CHN,2003,53.551746
China,CHN,2004,53.64953
China,CHN,2005,54.22096
China,CHN,2006,55.272312
China,CHN,2007,56.96485
China,CHN,2008,58.054543
China,CHN,2009,59.63992
China,CHN,2010,61.74069
China,CHN,2011,63.29509
China,CHN,2012,64.40181
China,CHN,2013,65.02151
China,CHN,2014,65.19314
China,CHN,2015,65.38549
China,CHN,2016,65.553215
China,CHN,2017,64.445015
China,CHN,2018,61.96952
China,CHN,2019,61.208782
China,CHN,2020,60.26394
Colombia,COL,2000,42.22782
Colombia,COL,2001,41.82962
Colombia,COL,2002,41.858704
Colombia,COL,2003,41.535633
Colombia,COL,2004,41.640194
Colombia,COL,2005,41.911915
Colombia,COL,2006,42.27719
Colombia,COL,2007,42.5446
Colombia,COL,2008,42.180725
Colombia,COL,2009,41.965393
Colombia,COL,2010,41.736115
Colombia,COL,2011,41.976658
Colombia,COL,2012,42.124706
Colombia,COL,2013,42.10853
Colombia,COL,2014,41.97253
Colombia,COL,2015,41.831036
Colombia,COL,2016,42.387505
Colombia,COL,2017,41.957336
Colombia,COL,2018,42.08291
Colombia,COL,2019,42.16013
Colombia,COL,2020,40.875217
Comoros,COM,2000,0.8727535
Comoros,COM,2001,0.8713308
Comoros,COM,2002,0.8684307
Comoros,COM,2003,0.9052442
Comoros,COM,2004,0.9074402
Comoros,COM,2005,0.9063067
Comoros,COM,2006,0.9001838
Comoros,COM,2007,0.8868647
Comoros,COM,2008,0.8875363
Comoros,COM,2009,0.8983296
Comoros,COM,2010,0.8954917
Comoros,COM,2011,0.8968254
Comoros,COM,2012,0.9067778
Comoros,COM,2013,0.9204204
Comoros,COM,2014,0.9138512
Comoros,COM,2015,0.916228
Comoros,COM,2016,0.9270033
Comoros,COM,2017,0.9379139
Comoros,COM,2018,0.9433295
Comoros,COM,2019,0.9498935
Comoros,COM,2020,0.9527429
Congo,COG,2000,45.919556
Congo,COG,2001,46.28651
Congo,COG,2002,47.10345
Congo,COG,2003,46.84245
Congo,COG,2004,46.522007
Congo,COG,2005,47.1576
Congo,COG,2006,48.37491
Congo,COG,2007,49.045208
Congo,COG,2008,50.012867
Congo,COG,2009,50.624332
Congo,COG,2010,51.953617
Congo,COG,2011,52.39076
Congo,COG,2012,53.035698
Congo,COG,2013,53.06763
Congo,COG,2014,53.21354
Congo,COG,2015,52.854073
Congo,COG,2016,55.062664
Congo,COG,2017,55.307213
Congo,COG,2018,54.754627
Congo,COG,2019,54.31816
Congo,COG,2020,53.917362
Cook Islands,COK,2000,31.184978
Cook Islands,COK,2001,30.289787
Cook Islands,COK,2002,29.078928
Cook Islands,COK,2003,37.743423
Cook Islands,COK,2004,37.283344
Cook Islands,COK,2005,36.580013
Cook Islands,COK,2006,37.245728
Cook Islands,COK,2007,39.940952
Cook Islands,COK,2008,39.754364
Cook Islands,COK,2009,40.70815
Cook Islands,COK,2010,41.745506
Cook Islands,COK,2011,38.26503
Cook Islands,COK,2012,44.781147
Cook Islands,COK,2013,42.822353
Cook Islands,COK,2014,42.656128
Cook Islands,COK,2015,42.887737
Cook Islands,COK,2016,42.82954
Cook Islands,COK,2017,42.753616
Cook Islands,COK,2018,42.72799
Cook Islands,COK,2019,42.67024
Cook Islands,COK,2020,41.4844
Costa Rica,CRI,2000,40.89366
Costa Rica,CRI,2001,40.86728
Costa Rica,CRI,2002,40.733303
Costa Rica,CRI,2003,40.516422
Costa Rica,CRI,2004,40.747738
Costa Rica,CRI,2005,40.78179
Costa Rica,CRI,2006,41.156013
Costa Rica,CRI,2007,41.37292
Costa Rica,CRI,2008,41.48175
Costa Rica,CRI,2009,40.987175
Costa Rica,CRI,2010,40.445442
Costa Rica,CRI,2011,39.500927
Costa Rica,CRI,2012,39.50981
Costa Rica,CRI,2013,39.29927
Costa Rica,CRI,2014,39.6072
Costa Rica,CRI,2015,39.846302
Costa Rica,CRI,2016,40.39541
Costa Rica,CRI,2017,40.256046
Costa Rica,CRI,2018,40.477856
Costa Rica,CRI,2019,40.21064
Costa Rica,CRI,2020,40.26979
Cote d'Ivoire,CIV,2000,30.387924
Cote d'Ivoire,CIV,2001,31.028162
Cote d'Ivoire,CIV,2002,31.220905
Cote d'Ivoire,CIV,2003,31.536707
Cote d'Ivoire,CIV,2004,31.243317
Cote d'Ivoire,CIV,2005,31.451887
Cote d'Ivoire,CIV,2006,31.13356
Cote d'Ivoire,CIV,2007,31.214203
Cote d'Ivoire,CIV,2008,31.319958
Cote d'Ivoire,CIV,2009,31.484743
Cote d'Ivoire,CIV,2010,27.09145
Cote d'Ivoire,CIV,2011,27.072536
Cote d'Ivoire,CIV,2012,27.192808
Cote d'Ivoire,CIV,2013,27.357124
Cote d'Ivoire,CIV,2014,27.8763
Cote d'Ivoire,CIV,2015,28.477324
Cote d'Ivoire,CIV,2016,28.2964
Cote d'Ivoire,CIV,2017,28.467337
Cote d'Ivoire,CIV,2018,28.938866
Cote d'Ivoire,CIV,2019,29.0294
Cote d'Ivoire,CIV,2020,29.011757
Croatia,HRV,2000,69.770134
Croatia,HRV,2001,70.14198
Croatia,HRV,2002,70.35022
Croatia,HRV,2003,69.76454
Croatia,HRV,2004,69.40868
Croatia,HRV,2005,68.424706
Croatia,HRV,2006,68.86467
Croatia,HRV,2007,69.37301
Croatia,HRV,2008,69.5684
Croatia,HRV,2009,69.26544
Croatia,HRV,2010,69.2544
Croatia,HRV,2011,69.58441
Croatia,HRV,2012,69.10861
Croatia,HRV,2013,68.95828
Croatia,HRV,2014,68.08575
Croatia,HRV,2015,68.347206
Croatia,HRV,2016,68.765434
Croatia,HRV,2017,68.68272
Croatia,HRV,2018,68.79788
Croatia,HRV,2019,68.8838
Croatia,HRV,2020,67.54276
Cuba,CUB,2000,50.590286
Cuba,CUB,2001,50.666138
Cuba,CUB,2002,50.5647
Cuba,CUB,2003,51.027786
Cuba,CUB,2004,51.109085
Cuba,CUB,2005,51.07833
Cuba,CUB,2006,50.485813
Cuba,CUB,2007,50.439198
Cuba,CUB,2008,50.752754
Cuba,CUB,2009,50.224106
Cuba,CUB,2010,50.463093
Cuba,CUB,2011,50.57606
Cuba,CUB,2012,50.520428
Cuba,CUB,2013,50.52426
Cuba,CUB,2014,50.798656
Cuba,CUB,2015,50.941856
Cuba,CUB,2016,50.772976
Cuba,CUB,2017,50.927593
Cuba,CUB,2018,51.039886
Cuba,CUB,2019,51.06687
Cuba,CUB,2020,49.71933
Cyprus,CYP,2000,70.483734
Cyprus,CYP,2001,70.763336
Cyprus,CYP,2002,71.6742
Cyprus,CYP,2003,70.26953
Cyprus,CYP,2004,71.94102
Cyprus,CYP,2005,70.2836
Cyprus,CYP,2006,70.11429
Cyprus,CYP,2007,70.09165
Cyprus,CYP,2008,70.299675
Cyprus,CYP,2009,68.597305
Cyprus,CYP,2010,68.55834
Cyprus,CYP,2011,68.09562
Cyprus,CYP,2012,67.83327
Cyprus,CYP,2013,66.06569
Cyprus,CYP,2014,66.7006
Cyprus,CYP,2015,66.95965
Cyprus,CYP,2016,67.57341
Cyprus,CYP,2017,67.98595
Cyprus,CYP,2018,68.32434
Cyprus,CYP,2019,68.51898
Cyprus,CYP,2020,65.50973
Czechia,CZE,2000,74.299446
Czechia,CZE,2001,74.30395
Czechia,CZE,2002,74.446205
Czechia,CZE,2003,74.62613
Czechia,CZE,2004,74.49812
Czechia,CZE,2005,74.72296
Czechia,CZE,2006,74.81819
Czechia,CZE,2007,75.132675
Czechia,CZE,2008,75.14162
Czechia,CZE,2009,74.977974
Czechia,CZE,2010,74.531525
Czechia,CZE,2011,74.543816
Czechia,CZE,2012,74.68722
Czechia,CZE,2013,74.57433
Czechia,CZE,2014,74.768425
Czechia,CZE,2015,74.79328
Czechia,CZE,2016,74.95155
Czechia,CZE,2017,74.929276
Czechia,CZE,2018,75.13364
Czechia,CZE,2019,75.194244
Czechia,CZE,2020,74.06745
Democratic Republic of Congo,COD,2000,55.867706
Democratic Republic of Congo,COD,2001,56.198555
Democratic Republic of Congo,COD,2002,56.452106
Democratic Republic of Congo,COD,2003,56.335968
Democratic Republic of Congo,COD,2004,57.135384
Democratic Republic of Congo,COD,2005,47.292168
Democratic Republic of Congo,COD,2006,47.4128
Democratic Republic of Congo,COD,2007,47.337727
Democratic Republic of Congo,COD,2008,48.299316
Democratic Republic of Congo,COD,2009,48.90951
Democratic Republic of Congo,COD,2010,43.82354
Democratic Republic of Congo,COD,2011,44.211323
Democratic Republic of Congo,COD,2012,44.34672
Democratic Republic of Congo,COD,2013,44.863384
Democratic Republic of Congo,COD,2014,44.952755
Democratic Republic of Congo,COD,2015,44.054153
Democratic Republic of Congo,COD,2016,44.055347
Democratic Republic of Congo,COD,2017,43.949062
Democratic Republic of Congo,COD,2018,43.68524
Democratic Republic of Congo,COD,2019,43.52072
Democratic Republic of Congo,COD,2020,43.24636
Denmark,DNK,2000,78.85572
Denmark,DNK,2001,78.79419
Denmark,DNK,2002,78.699844
Denmark,DNK,2003,78.788445
Denmark,DNK,2004,78.72067
Denmark,DNK,2005,78.74414
Denmark,DNK,2006,78.736626
Denmark,DNK,2007,78.769226
Denmark,DNK,2008,78.66412
Denmark,DNK,2009,77.965904
Denmark,DNK,2010,78.25836
Denmark,DNK,2011,78.36992
Denmark,DNK,2012,77.28938
Denmark,DNK,2013,77.56762
Denmark,DNK,2014,77.69568
Denmark,DNK,2015,77.62588
Denmark,DNK,2016,77.89589
Denmark,DNK,2017,77.95483
Denmark,DNK,2018,78.16198
Denmark,DNK,2019,78.066826
Denmark,DNK,2020,78.28757
Djibouti,DJI,2000,6.1068707
Djibouti,DJI,2001,6.104493
Djibouti,DJI,2002,6.130827
Djibouti,DJI,2003,6.121595
Djibouti,DJI,2004,6.106415
Djibouti,DJI,2005,6.087472
Djibouti,DJI,2006,6.079249
Djibouti,DJI,2007,6.060013
Djibouti,DJI,2008,6.083875
Djibouti,DJI,2009,6.080156
Djibouti,DJI,2010,6.0785947
Djibouti,DJI,2011,5.990923
Djibouti,DJI,2012,6.051347
Djibouti,DJI,2013,6.16164
Djibouti,DJI,2014,6.0996165
Djibouti,DJI,2015,6.0537877
Djibouti,DJI,2016,6.0851183
Djibouti,DJI,2017,6.0422344
Djibouti,DJI,2018,6.0301113
Djibouti,DJI,2019,5.9883375
Djibouti,DJI,2020,6.0258183
Dominica,DMA,2000,53.587917
Dominica,DMA,2001,53.190327
Dominica,DMA,2002,53.298344
Dominica,DMA,2003,52.542805
Dominica,DMA,2004,53.741863
Dominica,DMA,2005,53.707966
Dominica,DMA,2006,52.811012
Dominica,DMA,2007,52.557896
Dominica,DMA,2008,52.81503
Dominica,DMA,2009,52.05636
Dominica,DMA,2010,51.30794
Dominica,DMA,2011,51.25715
Dominica,DMA,2012,51.320107
Dominica,DMA,2013,51.71624
Dominica,DMA,2014,51.841377
Dominica,DMA,2015,51.95356
Dominica,DMA,2016,51.801975
Dominica,DMA,2017,52.11092
Dominica,DMA,2018,51.77001
Dominica,DMA,2019,51.51178
Dominica,DMA,2020,49.745922
Dominican Republic,DOM,2000,54.446877
Dominican Republic,DOM,2001,53.908592
Dominican Republic,DOM,2002,54.235943
Dominican Republic,DOM,2003,54.04971
Dominican Republic,DOM,2004,52.314865
Dominican Republic,DOM,2005,53.059483
Dominican Republic,DOM,2006,53.311356
Dominican Republic,DOM,2007,53.60301
Dominican Republic,DOM,2008,53.56478
Dominican Republic,DOM,2009,53.113384
Dominican Republic,DOM,2010,53.059284
Dominican Republic,DOM,2011,53.002075
Dominican Republic,DOM,2012,53.043316
Dominican Republic,DOM,2013,53.033016
Dominican Republic,DOM,2014,52.863308
Dominican Republic,DOM,2015,53.231678
Dominican Republic,DOM,2016,53.507263
Dominican Republic,DOM,2017,53.690037
Dominican Republic,DOM,2018,53.939457
Dominican Republic,DOM,2019,54.239754
Dominican Republic,DOM,2020,53.479465
East Timor,TLS,2000,34.56747
East Timor,TLS,2001,34.59139
East Timor,TLS,2002,34.563026
East Timor,TLS,2003,34.47447
East Timor,TLS,2004,34.370003
East Timor,TLS,2005,34.34279
East Timor,TLS,2006,33.3974
East Timor,TLS,2007,33.476807
East Timor,TLS,2008,33.659992
East Timor,TLS,2009,33.843487
East Timor,TLS,2010,34.24447
East Timor,TLS,2011,35.158707
East Timor,TLS,2012,35.367496
East Timor,TLS,2013,35.169853
East Timor,TLS,2014,34.952156
East Timor,TLS,2015,34.844418
East Timor,TLS,2016,34.844738
East Timor,TLS,2017,34.903576
East Timor,TLS,2018,35.00206
East Timor,TLS,2019,34.559105
East Timor,TLS,2020,34.500664
Ecuador,ECU,2000,62.629517
Ecuador,ECU,2001,62.814323
Ecuador,ECU,2002,62.439594
Ecuador,ECU,2003,62.140476
Ecuador,ECU,2004,62.165794
Ecuador,ECU,2005,62.005905
Ecuador,ECU,2006,61.959946
Ecuador,ECU,2007,62.121864
Ecuador,ECU,2008,62.331135
Ecuador,ECU,2009,62.435738
Ecuador,ECU,2010,62.56116
Ecuador,ECU,2011,62.90855
Ecuador,ECU,2012,62.823246
Ecuador,ECU,2013,62.628998
Ecuador,ECU,2014,62.719078
Ecuador,ECU,2015,62.498043
Ecuador,ECU,2016,61.647617
Ecuador,ECU,2017,61.257626
Ecuador,ECU,2018,61.478596
Ecuador,ECU,2019,61.495655
Ecuador,ECU,2020,60.232014
Egypt,EGY,2000,6.8842964
Egypt,EGY,2001,6.897817
Egypt,EGY,2002,6.915299
Egypt,EGY,2003,6.938996
Egypt,EGY,2004,6.9780445
Egypt,EGY,2005,7.0301285
Egypt,EGY,2006,7.113402
Egypt,EGY,2007,7.1996646
Egypt,EGY,2008,7.2867646
Egypt,EGY,2009,7.3173413
Egypt,EGY,2010,7.37689
Egypt,EGY,2011,7.3918605
Egypt,EGY,2012,7.5309963
Egypt,EGY,2013,7.549327
Egypt,EGY,2014,7.536777
Egypt,EGY,2015,7.5900297
Egypt,EGY,2016,7.5408444
Egypt,EGY,2017,7.515545
Egypt,EGY,2018,7.5731125
Egypt,EGY,2019,7.618908
Egypt,EGY,2020,7.627976
El Salvador,SLV,2000,36.24306
El Salvador,SLV,2001,36.49493
El Salvador,SLV,2002,36.64356
El Salvador,SLV,2003,36.718075
El Salvador,SLV,2004,36.4099
El Salvador,SLV,2005,36.093052
El Salvador,SLV,2006,35.991364
El Salvador,SLV,2007,36.05103
El Salvador,SLV,2008,35.68113
El Salvador,SLV,2009,35.33958
El Salvador,SLV,2010,34.898792
El Salvador,SLV,2011,34.938633
El Salvador,SLV,2012,35.15483
El Salvador,SLV,2013,35.068512
El Salvador,SLV,2014,35.382256
El Salvador,SLV,2015,35.680107
El Salvador,SLV,2016,36.019802
El Salvador,SLV,2017,36.5175
El Salvador,SLV,2018,36.933228
El Salvador,SLV,2019,37.260136
El Salvador,SLV,2020,36.85303
Equatorial Guinea,GNQ,2000,56.718807
Equatorial Guinea,GNQ,2001,57.50802
Equatorial Guinea,GNQ,2002,58.173824
Equatorial Guinea,GNQ,2003,59.369793
Equatorial Guinea,GNQ,2004,60.564465
Equatorial Guinea,GNQ,2005,61.69265
Equatorial Guinea,GNQ,2006,61.870213
Equatorial Guinea,GNQ,2007,62.346092
Equatorial Guinea,GNQ,2008,62.384037
Equatorial Guinea,GNQ,2009,61.70202
Equatorial Guinea,GNQ,2010,63.49711
Equatorial Guinea,GNQ,2011,64.39509
Equatorial Guinea,GNQ,2012,65.50881
Equatorial Guinea,GNQ,2013,64.40541
Equatorial Guinea,GNQ,2014,64.066574
Equatorial Guinea,GNQ,2015,62.186417
Equatorial Guinea,GNQ,2016,60.676235
Equatorial Guinea,GNQ,2017,59.059376
Equatorial Guinea,GNQ,2018,58.944653
Equatorial Guinea,GNQ,2019,59.601437
Equatorial Guinea,GNQ,2020,58.054104
Eritrea,ERI,2000,14.898908
Eritrea,ERI,2001,14.508077
Eritrea,ERI,2002,15.018709
Eritrea,ERI,2003,14.562443
Eritrea,ERI,2004,14.54191
Eritrea,ERI,2005,15.34231
Eritrea,ERI,2006,16.334658
Eritrea,ERI,2007,17.946222
Eritrea,ERI,2008,15.2371025
Eritrea,ERI,2009,15.786731
Eritrea,ERI,2010,15.810241
Eritrea,ERI,2011,15.934411
Eritrea,ERI,2012,15.6237755
Eritrea,ERI,2013,15.607584
Eritrea,ERI,2014,15.593721
Eritrea,ERI,2015,15.56354
Eritrea,ERI,2016,15.452354
Eritrea,ERI,2017,15.429733
Eritrea,ERI,2018,15.39094
Eritrea,ERI,2019,15.409257
Eritrea,ERI,2020,15.15224
Estonia,EST,2000,72.05612
Estonia,EST,2001,72.85123
Estonia,EST,2002,74.165085
Estonia,EST,2003,73.88443
Estonia,EST,2004,75.833534
Estonia,EST,2005,76.292114
Estonia,EST,2006,76.80263
Estonia,EST,2007,76.79517
Estonia,EST,2008,76.71035
Estonia,EST,2009,75.942924
Estonia,EST,2010,76.03725
Estonia,EST,2011,76.69131
Estonia,EST,2012,76.96831
Estonia,EST,2013,77.24026
Estonia,EST,2014,77.09578
Estonia,EST,2015,76.85946
Estonia,EST,2016,76.4721
Estonia,EST,2017,75.37401
Estonia,EST,2018,74.14199
Estonia,EST,2019,74.63566
Estonia,EST,2020,74.25212
Eswatini,SWZ,2000,30.123537
Eswatini,SWZ,2001,31.315773
Eswatini,SWZ,2002,28.07894
Eswatini,SWZ,2003,30.352324
Eswatini,SWZ,2004,28.33842
Eswatini,SWZ,2005,28.084951
Eswatini,SWZ,2006,28.852394
Eswatini,SWZ,2007,28.947893
Eswatini,SWZ,2008,27.712154
Eswatini,SWZ,2009,28.299845
Eswatini,SWZ,2010,27.180569
Eswatini,SWZ,2011,27.862091
Eswatini,SWZ,2012,27.832863
Eswatini,SWZ,2013,31.075811
Eswatini,SWZ,2014,29.925146
Eswatini,SWZ,2015,29.00593
Eswatini,SWZ,2016,30.177757
Eswatini,SWZ,2017,30.217487
Eswatini,SWZ,2018,30.590923
Eswatini,SWZ,2019,30.71751
Eswatini,SWZ,2020,28.67477
Ethiopia,ETH,2000,16.428854
Ethiopia,ETH,2001,16.40537
Ethiopia,ETH,2002,16.148891
Ethiopia,ETH,2003,16.011328
Ethiopia,ETH,2004,16.20802
Ethiopia,ETH,2005,16.344902
Ethiopia,ETH,2006,16.778284
Ethiopia,ETH,2007,16.491026
Ethiopia,ETH,2008,16.62336
Ethiopia,ETH,2009,16.648636
Ethiopia,ETH,2010,16.74381
Ethiopia,ETH,2011,16.964808
Ethiopia,ETH,2012,17.268213
Ethiopia,ETH,2013,17.397717
Ethiopia,ETH,2014,17.708921
Ethiopia,ETH,2015,18.067114
Ethiopia,ETH,2016,18.620178
Ethiopia,ETH,2017,18.927034
Ethiopia,ETH,2018,19.622189
Ethiopia,ETH,2019,19.990618
Ethiopia,ETH,2020,19.049753
Fiji,FJI,2000,26.264877
Fiji,FJI,2001,26.195726
Fiji,FJI,2002,26.44262
Fiji,FJI,2003,26.411617
Fiji,FJI,2004,27.137331
Fiji,FJI,2005,27.300026
Fiji,FJI,2006,27.66808
Fiji,FJI,2007,28.414545
Fiji,FJI,2008,28.36239
Fiji,FJI,2009,28.297215
Fiji,FJI,2010,27.587162
Fiji,FJI,2011,28.468351
Fiji,FJI,2012,28.329367
Fiji,FJI,2013,28.682388
Fiji,FJI,2014,29.177364
Fiji,FJI,2015,29.27092
Fiji,FJI,2016,29.338902
Fiji,FJI,2017,29.461184
Fiji,FJI,2018,30.286493
Fiji,FJI,2019,31.001144
Fiji,FJI,2020,30.108492
Finland,FIN,2000,77.61658
Finland,FIN,2001,77.74725
Finland,FIN,2002,78.092545
Finland,FIN,2003,78.16801
Finland,FIN,2004,78.83716
Finland,FIN,2005,78.93316
Finland,FIN,2006,79.25064
Finland,FIN,2007,79.73117
Finland,FIN,2008,79.7616
Finland,FIN,2009,79.29834
Finland,FIN,2010,79.14326
Finland,FIN,2011,79.29782
Finland,FIN,2012,78.75887
Finland,FIN,2013,78.53987
Finland,FIN,2014,78.18704
Finland,FIN,2015,77.94814
Finland,FIN,2016,78.01913
Finland,FIN,2017,78.11879
Finland,FIN,2018,78.20636
Finland,FIN,2019,78.04951
Finland,FIN,2020,78.046074
France,FRA,2000,78.66665
France,FRA,2001,78.79886
France,FRA,2002,78.64773
France,FRA,2003,78.201126
France,FRA,2004,77.95863
France,FRA,2005,77.80528
France,FRA,2006,77.98797
France,FRA,2007,77.96768
France,FRA,2008,77.66625
France,FRA,2009,77.56925
France,FRA,2010,77.322235
France,FRA,2011,77.44575
France,FRA,2012,77.28155
France,FRA,2013,77.01743
France,FRA,2014,77.19233
France,FRA,2015,76.99756
France,FRA,2016,77.00025
France,FRA,2017,77.01993
France,FRA,2018,76.785965
France,FRA,2019,77.08439
France,FRA,2020,75.96679
Gabon,GAB,2000,56.967495
Gabon,GAB,2001,57.659817
Gabon,GAB,2002,56.015167
Gabon,GAB,2003,53.106537
Gabon,GAB,2004,54.74153
Gabon,GAB,2005,55.775784
Gabon,GAB,2006,55.757977
Gabon,GAB,2007,56.277546
Gabon,GAB,2008,55.58372
Gabon,GAB,2009,55.1392
Gabon,GAB,2010,55.47955
Gabon,GAB,2011,55.218716
Gabon,GAB,2012,54.474644
Gabon,GAB,2013,54.68945
Gabon,GAB,2014,55.763283
Gabon,GAB,2015,55.468132
Gabon,GAB,2016,54.404503
Gabon,GAB,2017,53.823067
Gabon,GAB,2018,53.08268
Gabon,GAB,2019,52.724133
Gabon,GAB,2020,54.375008
Gambia,GMB,2000,28.02758
Gambia,GMB,2001,28.099367
Gambia,GMB,2002,27.89201
Gambia,GMB,2003,28.475246
Gambia,GMB,2004,28.349886
Gambia,GMB,2005,27.764002
Gambia,GMB,2006,27.489334
Gambia,GMB,2007,27.21321
Gambia,GMB,2008,26.580952
Gambia,GMB,2009,26.723862
Gambia,GMB,2010,25.830254
Gambia,GMB,2011,25.784899
Gambia,GMB,2012,25.897032
Gambia,GMB,2013,24.928383
Gambia,GMB,2014,25.06165
Gambia,GMB,2015,23.676838
Gambia,GMB,2016,23.13188
Gambia,GMB,2017,22.402426
Gambia,GMB,2018,21.846743
Gambia,GMB,2019,21.373537
Gambia,GMB,2020,20.673368
Georgia,GEO,2000,52.14256
Georgia,GEO,2001,50.908726
Georgia,GEO,2002,50.73337
Georgia,GEO,2003,50.74161
Georgia,GEO,2004,51.60714
Georgia,GEO,2005,52.78229
Georgia,GEO,2006,54.286125
Georgia,GEO,2007,55.246094
Georgia,GEO,2008,55.591858
Georgia,GEO,2009,55.19481
Georgia,GEO,2010,56.039124
Georgia,GEO,2011,56.28302
Georgia,GEO,2012,56.18394
Georgia,GEO,2013,55.83834
Georgia,GEO,2014,55.63307
Georgia,GEO,2015,55.848827
Georgia,GEO,2016,55.715412
Georgia,GEO,2017,55.69444
Georgia,GEO,2018,55.89795
Georgia,GEO,2019,56.528133
Georgia,GEO,2020,55.94479
Germany,DEU,2000,79.26452
Germany,DEU,2001,79.02174
Germany,DEU,2002,78.86288
Germany,DEU,2003,78.60461
Germany,DEU,2004,78.549034
Germany,DEU,2005,78.36394
Germany,DEU,2006,78.51138
Germany,DEU,2007,78.46921
Germany,DEU,2008,78.51314
Germany,DEU,2009,78.21754
Germany,DEU,2010,78.340805
Germany,DEU,2011,78.795494
Germany,DEU,2012,78.72233
Germany,DEU,2013,78.817345
Germany,DEU,2014,78.85713
Germany,DEU,2015,78.74802
Germany,DEU,2016,78.92093
Germany,DEU,2017,79.20649
Germany,DEU,2018,79.31312
Germany,DEU,2019,79.135445
Germany,DEU,2020,78.83092
Ghana,GHA,2000,43.37457
Ghana,GHA,2001,43.04972
Ghana,GHA,2002,43.589336
Ghana,GHA,2003,43.49819
Ghana,GHA,2004,43.02825
Ghana,GHA,2005,43.357075
Ghana,GHA,2006,43.827133
Ghana,GHA,2007,41.411156
Ghana,GHA,2008,44.271095
Ghana,GHA,2009,44.413757
Ghana,GHA,2010,45.18447
Ghana,GHA,2011,44.70079
Ghana,GHA,2012,43.871674
Ghana,GHA,2013,44.175064
Ghana,GHA,2014,45.170326
Ghana,GHA,2015,44.17409
Ghana,GHA,2016,43.255184
Ghana,GHA,2017,42.874554
Ghana,GHA,2018,43.0604
Ghana,GHA,2019,42.84779
Ghana,GHA,2020,42.146343
Greece,GRC,2000,74.28365
Greece,GRC,2001,74.52492
Greece,GRC,2002,74.08026
Greece,GRC,2003,74.89524
Greece,GRC,2004,75.222496
Greece,GRC,2005,75.51607
Greece,GRC,2006,75.39947
Greece,GRC,2007,75.70714
Greece,GRC,2008,75.74503
Greece,GRC,2009,75.25227
Greece,GRC,2010,74.7504
Greece,GRC,2011,73.37893
Greece,GRC,2012,73.34686
Greece,GRC,2013,73.28884
Greece,GRC,2014,72.64367
Greece,GRC,2015,72.0212
Greece,GRC,2016,71.9973
Greece,GRC,2017,72.02105
Greece,GRC,2018,71.80478
Greece,GRC,2019,71.38149
Greece,GRC,2020,69.3485
Grenada,GRD,2000,52.773174
Grenada,GRD,2001,52.001564
Grenada,GRD,2002,52.737923
Grenada,GRD,2003,53.365223
Grenada,GRD,2004,52.55255
Grenada,GRD,2005,53.14407
Grenada,GRD,2006,53.858955
Grenada,GRD,2007,54.12211
Grenada,GRD,2008,54.1044
Grenada,GRD,2009,53.71355
Grenada,GRD,2010,53.36984
Grenada,GRD,2011,53.53172
Grenada,GRD,2012,53.773144
Grenada,GRD,2013,53.916378
Grenada,GRD,2014,54.292
Grenada,GRD,2015,54.775814
Grenada,GRD,2016,55.064972
Grenada,GRD,2017,55.189663
Grenada,GRD,2018,55.746616
Grenada,GRD,2019,56.011803
Grenada,GRD,2020,54.387333
Guatemala,GTM,2000,35.156246
Guatemala,GTM,2001,34.95963
Guatemala,GTM,2002,34.768673
Guatemala,GTM,2003,34.84993
Guatemala,GTM,2004,34.791195
Guatemala,GTM,2005,34.72088
Guatemala,GTM,2006,34.850567
Guatemala,GTM,2007,34.96332
Guatemala,GTM,2008,34.641754
Guatemala,GTM,2009,34.513214
Guatemala,GTM,2010,34.55911
Guatemala,GTM,2011,34.68847
Guatemala,GTM,2012,34.49474
Guatemala,GTM,2013,34.417435
Guatemala,GTM,2014,34.231552
Guatemala,GTM,2015,34.26642
Guatemala,GTM,2016,34.23402
Guatemala,GTM,2017,34.324677
Guatemala,GTM,2018,34.476246
Guatemala,GTM,2019,34.590508
Guatemala,GTM,2020,34.43827
Guinea,GIN,2000,11.82267
Guinea,GIN,2001,11.641076
Guinea,GIN,2002,11.5254965
Guinea,GIN,2003,11.3582325
Guinea,GIN,2004,11.48507
Guinea,GIN,2005,11.076816
Guinea,GIN,2006,10.8389
Guinea,GIN,2007,10.785796
Guinea,GIN,2008,10.666757
Guinea,GIN,2009,10.519865
Guinea,GIN,2010,10.476153
Guinea,GIN,2011,10.554157
Guinea,GIN,2012,10.568908
Guinea,GIN,2013,10.612008
Guinea,GIN,2014,10.752079
Guinea,GIN,2015,10.886382
Guinea,GIN,2016,10.912934
Guinea,GIN,2017,10.932151
Guinea,GIN,2018,10.995261
Guinea,GIN,2019,11.132933
Guinea,GIN,2020,11.194428
Guinea-Bissau,GNB,2000,27.813766
Guinea-Bissau,GNB,2001,27.170692
Guinea-Bissau,GNB,2002,26.805204
Guinea-Bissau,GNB,2003,25.814621
Guinea-Bissau,GNB,2004,26.985903
Guinea-Bissau,GNB,2005,28.237114
Guinea-Bissau,GNB,2006,27.882256
Guinea-Bissau,GNB,2007,27.302675
Guinea-Bissau,GNB,2008,26.910398
Guinea-Bissau,GNB,2009,26.44238
Guinea-Bissau,GNB,2010,26.195341
Guinea-Bissau,GNB,2011,26.794737
Guinea-Bissau,GNB,2012,26.628014
Guinea-Bissau,GNB,2013,26.272451
Guinea-Bissau,GNB,2014,26.58376
Guinea-Bissau,GNB,2015,26.658073
Guinea-Bissau,GNB,2016,26.79511
Guinea-Bissau,GNB,2017,27.167728
Guinea-Bissau,GNB,2018,27.310263
Guinea-Bissau,GNB,2019,26.509604
Guinea-Bissau,GNB,2020,26.148722
Guyana,GUY,2000,44.951004
Guyana,GUY,2001,45.97494
Guyana,GUY,2002,47.70296
Guyana,GUY,2003,47.83375
Guyana,GUY,2004,47.75347
Guyana,GUY,2005,47.20796
Guyana,GUY,2006,46.86921
Guyana,GUY,2007,47.00105
Guyana,GUY,2008,47.00326
Guyana,GUY,2009,47.195892
Guyana,GUY,2010,47.262447
Guyana,GUY,2011,47.494194
Guyana,GUY,2012,47.726406
Guyana,GUY,2013,47.76613
Guyana,GUY,2014,47.939407
Guyana,GUY,2015,47.296314
Guyana,GUY,2016,47.032925
Guyana,GUY,2017,46.853756
Guyana,GUY,2018,47.095306
Guyana,GUY,2019,47.35611
Guyana,GUY,2020,47.72596
Haiti,HTI,2000,45.9
Haiti,HTI,2001,45.855804
Haiti,HTI,2002,45.919918
Haiti,HTI,2003,45.703793
Haiti,HTI,2004,45.765366
Haiti,HTI,2005,45.60298
Haiti,HTI,2006,45.6643
Haiti,HTI,2007,45.72447
Haiti,HTI,2008,45.740932
Haiti,HTI,2009,45.886112
Haiti,HTI,2010,43.07705
Haiti,HTI,2011,43.385757
Haiti,HTI,2012,43.60067
Haiti,HTI,2013,44.673958
Haiti,HTI,2014,44.37344
Haiti,HTI,2015,44.60466
Haiti,HTI,2016,45.066517
Haiti,HTI,2017,45.523594
Haiti,HTI,2018,45.55773
Haiti,HTI,2019,44.90367
Haiti,HTI,2020,44.644127
Honduras,HND,2000,36.103836
Honduras,HND,2001,36.45669
Honduras,HND,2002,37.2396
Honduras,HND,2003,37.17528
Honduras,HND,2004,37.159573
Honduras,HND,2005,37.66078
Honduras,HND,2006,37.75486
Honduras,HND,2007,37.657642
Honduras,HND,2008,37.52259
Honduras,HND,2009,37.340397
Honduras,HND,2010,37.19198
Honduras,HND,2011,37.284454
Honduras,HND,2012,37.315475
Honduras,HND,2013,37.33936
Honduras,HND,2014,36.820457
Honduras,HND,2015,37.051056
Honduras,HND,2016,37.201393
Honduras,HND,2017,37.59376
Honduras,HND,2018,38.025177
Honduras,HND,2019,38.109497
Honduras,HND,2020,37.79837
Hungary,HUN,2000,71.49901
Hungary,HUN,2001,72.31839
Hungary,HUN,2002,72.52292
Hungary,HUN,2003,72.567345
Hungary,HUN,2004,72.636024
Hungary,HUN,2005,72.46178
Hungary,HUN,2006,72.7576
Hungary,HUN,2007,72.30504
Hungary,HUN,2008,71.85061
Hungary,HUN,2009,71.64448
Hungary,HUN,2010,71.057526
Hungary,HUN,2011,71.699
Hungary,HUN,2012,71.48975
Hungary,HUN,2013,71.27345
Hungary,HUN,2014,71.53513
Hungary,HUN,2015,71.63856
Hungary,HUN,2016,71.98104
Hungary,HUN,2017,71.67528
Hungary,HUN,2018,72.31737
Hungary,HUN,2019,71.913895
Hungary,HUN,2020,71.32161
Iceland,ISL,2000,75.2285
Iceland,ISL,2001,75.765785
Iceland,ISL,2002,76.12128
Iceland,ISL,2003,76.08877
Iceland,ISL,2004,76.61337
Iceland,ISL,2005,77.19365
Iceland,ISL,2006,77.67732
Iceland,ISL,2007,78.26966
Iceland,ISL,2008,78.12142
Iceland,ISL,2009,77.85895
Iceland,ISL,2010,77.0173
Iceland,ISL,2011,77.13003
Iceland,ISL,2012,77.16621
Iceland,ISL,2013,77.37304
Iceland,ISL,2014,77.751785
Iceland,ISL,2015,78.71056
Iceland,ISL,2016,78.951706
Iceland,ISL,2017,79.48262
Iceland,ISL,2018,79.688286
Iceland,ISL,2019,79.61306
Iceland,ISL,2020,79.20466
India,IND,2000,24.649563
India,IND,2001,24.809933
India,IND,2002,25.102346
India,IND,2003,25.356758
India,IND,2004,25.364937
India,IND,2005,25.595303
India,IND,2006,25.93198
India,IND,2007,26.680141
India,IND,2008,27.778015
India,IND,2009,29.401981
India,IND,2010,30.160227
India,IND,2011,30.803892
India,IND,2012,31.055046
India,IND,2013,31.04283
India,IND,2014,30.952564
India,IND,2015,30.935846
India,IND,2016,30.759201
India,IND,2017,30.490866
India,IND,2018,31.066202
India,IND,2019,31.16159
India,IND,2020,29.202627
Indonesia,IDN,2000,8.784519
Indonesia,IDN,2001,8.82785
Indonesia,IDN,2002,8.870275
Indonesia,IDN,2003,8.9192705
Indonesia,IDN,2004,8.985943
Indonesia,IDN,2005,9.059641
Indonesia,IDN,2006,9.125971
Indonesia,IDN,2007,9.190742
Indonesia,IDN,2008,9.26746
Indonesia,IDN,2009,9.314431
Indonesia,IDN,2010,9.375902
Indonesia,IDN,2011,9.440887
Indonesia,IDN,2012,9.507467
Indonesia,IDN,2013,9.559409
Indonesia,IDN,2014,9.583809
Indonesia,IDN,2015,9.564556
Indonesia,IDN,2016,9.609156
Indonesia,IDN,2017,9.652782
Indonesia,IDN,2018,9.72605
Indonesia,IDN,2019,9.793628
Indonesia,IDN,2020,9.724305
Iran,IRN,2000,1.2386751
Iran,IRN,2001,1.2433472
Iran,IRN,2002,1.2612349
Iran,IRN,2003,1.2878357
Iran,IRN,2004,1.3106782
Iran,IRN,2005,1.3371764
Iran,IRN,2006,1.3692205
Iran,IRN,2007,1.4147991
Iran,IRN,2008,1.4319243
Iran,IRN,2009,1.4477563
Iran,IRN,2010,1.7123799
Iran,IRN,2011,1.8949445
Iran,IRN,2012,1.6919549
Iran,IRN,2013,1.674722
Iran,IRN,2014,1.4588126
Iran,IRN,2015,1.4327976
Iran,IRN,2016,1.68175
Iran,IRN,2017,1.698545
Iran,IRN,2018,1.5568955
Iran,IRN,2019,1.512861
Iran,IRN,2020,1.5452034
Iraq,IRQ,2000,6.981106
Iraq,IRQ,2001,6.957354
Iraq,IRQ,2002,6.685958
Iraq,IRQ,2003,6.4438925
Iraq,IRQ,2004,6.736246
Iraq,IRQ,2005,6.8036823
Iraq,IRQ,2006,6.826647
Iraq,IRQ,2007,6.8634405
Iraq,IRQ,2008,6.9450884
Iraq,IRQ,2009,6.971375
Iraq,IRQ,2010,7.02716
Iraq,IRQ,2011,7.1167297
Iraq,IRQ,2012,7.2469287
Iraq,IRQ,2013,7.267427
Iraq,IRQ,2014,7.133582
Iraq,IRQ,2015,6.8396487
Iraq,IRQ,2016,6.8213716
Iraq,IRQ,2017,6.9183803
Iraq,IRQ,2018,6.94681
Iraq,IRQ,2019,6.9888043
Iraq,IRQ,2020,6.8926835
Ireland,IRL,2000,81.66589
Ireland,IRL,2001,82.0538
Ireland,IRL,2002,82.33201
Ireland,IRL,2003,82.08484
Ireland,IRL,2004,82.39407
Ireland,IRL,2005,82.602356
Ireland,IRL,2006,83.02627
Ireland,IRL,2007,83.29243
Ireland,IRL,2008,82.59101
Ireland,IRL,2009,81.564415
Ireland,IRL,2010,81.8927
Ireland,IRL,2011,81.8983
Ireland,IRL,2012,81.82479
Ireland,IRL,2013,81.26778
Ireland,IRL,2014,81.6546
Ireland,IRL,2015,82.72344
Ireland,IRL,2016,83.073006
Ireland,IRL,2017,83.240135
Ireland,IRL,2018,83.50996
Ireland,IRL,2019,83.445206
Ireland,IRL,2020,83.209274
Israel,ISR,2000,59.09283
Israel,ISR,2001,58.93307
Israel,ISR,2002,58.907154
Israel,ISR,2003,58.2431
Israel,ISR,2004,58.44316
Israel,ISR,2005,58.67801
Israel,ISR,2006,58.430744
Israel,ISR,2007,58.975548
Israel,ISR,2008,59.304474
Israel,ISR,2009,59.26391
Israel,ISR,2010,59.582726
Israel,ISR,2011,59.89912
Israel,ISR,2012,60.163734
Israel,ISR,2013,60.38016
Israel,ISR,2014,59.74403
Israel,ISR,2015,59.81579
Israel,ISR,2016,60.070053
Israel,ISR,2017,60.348648
Israel,ISR,2018,60.439556
Israel,ISR,2019,60.34694
Israel,ISR,2020,59.761703
Italy,ITA,2000,76.846466
Italy,ITA,2001,76.79741
Italy,ITA,2002,76.4163
Italy,ITA,2003,76.45045
Italy,ITA,2004,76.124084
Italy,ITA,2005,74.41585
Italy,ITA,2006,74.39639
Italy,ITA,2007,74.43189
Italy,ITA,2008,74.10069
Italy,ITA,2009,73.35728
Italy,ITA,2010,74.03896
Italy,ITA,2011,74.146675
Italy,ITA,2012,74.607346
Italy,ITA,2013,74.32624
Italy,ITA,2014,74.42487
Italy,ITA,2015,73.89018
Italy,ITA,2016,74.06995
Italy,ITA,2017,74.48067
Italy,ITA,2018,75.02131
Italy,ITA,2019,74.81569
Italy,ITA,2020,73.21342
Jamaica,JAM,2000,45.465057
Jamaica,JAM,2001,45.05035
Jamaica,JAM,2002,44.864616
Jamaica,JAM,2003,44.567516
Jamaica,JAM,2004,44.98117
Jamaica,JAM,2005,45.204132
Jamaica,JAM,2006,45.12607
Jamaica,JAM,2007,45.008163
Jamaica,JAM,2008,45.03542
Jamaica,JAM,2009,44.80056
Jamaica,JAM,2010,45.202114
Jamaica,JAM,2011,45.3675
Jamaica,JAM,2012,45.49659
Jamaica,JAM,2013,45.900963
Jamaica,JAM,2014,46.10439
Jamaica,JAM,2015,46.422283
Jamaica,JAM,2016,46.635857
Jamaica,JAM,2017,47.119644
Jamaica,JAM,2018,47.417023
Jamaica,JAM,2019,47.317028
Jamaica,JAM,2020,46.179104
Japan,JPN,2000,70.80723
Japan,JPN,2001,69.7464
Japan,JPN,2002,69.59689
Japan,JPN,2003,69.43076
Japan,JPN,2004,69.52098
Japan,JPN,2005,69.87676
Japan,JPN,2006,69.80655
Japan,JPN,2007,69.17727
Japan,JPN,2008,68.837036
Japan,JPN,2009,68.59822
Japan,JPN,2010,68.58901
Japan,JPN,2011,68.610466
Japan,JPN,2012,68.621704
Japan,JPN,2013,68.66271
Japan,JPN,2014,68.264084
Japan,JPN,2015,68.327354
Japan,JPN,2016,68.15836
Japan,JPN,2017,68.15705
Japan,JPN,2018,68.01109
Japan,JPN,2019,67.8678
Japan,JPN,2020,67.50006
Jordan,JOR,2000,7.264132
Jordan,JOR,2001,7.293437
Jordan,JOR,2002,7.304161
Jordan,JOR,2003,7.3066177
Jordan,JOR,2004,7.3496113
Jordan,JOR,2005,7.394137
Jordan,JOR,2006,7.467582
Jordan,JOR,2007,7.510969
Jordan,JOR,2008,7.544934
Jordan,JOR,2009,7.5179353
Jordan,JOR,2010,7.4670315
Jordan,JOR,2011,7.4035316
Jordan,JOR,2012,7.366913
Jordan,JOR,2013,7.4103837
Jordan,JOR,2014,7.4968157
Jordan,JOR,2015,7.529509
Jordan,JOR,2016,7.5492654
Jordan,JOR,2017,7.5982623
Jordan,JOR,2018,7.6090474
Jordan,JOR,2019,7.6051555
Jordan,JOR,2020,7.544607
Kazakhstan,KAZ,2000,27.73247
Kazakhstan,KAZ,2001,27.153948
Kazakhstan,KAZ,2002,27.278996
Kazakhstan,KAZ,2003,27.711113
Kazakhstan,KAZ,2004,27.602413
Kazakhstan,KAZ,2005,28.008799
Kazakhstan,KAZ,2006,28.313082
Kazakhstan,KAZ,2007,24.140726
Kazakhstan,KAZ,2008,23.09897
Kazakhstan,KAZ,2009,22.503517
Kazakhstan,KAZ,2010,23.813211
Kazakhstan,KAZ,2011,23.202417
Kazakhstan,KAZ,2012,23.965294
Kazakhstan,KAZ,2013,24.457592
Kazakhstan,KAZ,2014,24.236204
Kazakhstan,KAZ,2015,23.480122
Kazakhstan,KAZ,2016,23.978622
Kazakhstan,KAZ,2017,24.249102
Kazakhstan,KAZ,2018,25.16493
Kazakhstan,KAZ,2019,24.512716
Kazakhstan,KAZ,2020,24.513727
Kenya,KEN,2000,28.145536
Kenya,KEN,2001,28.459248
Kenya,KEN,2002,28.536726
Kenya,KEN,2003,28.073406
Kenya,KEN,2004,27.785435
Kenya,KEN,2005,28.572935
Kenya,KEN,2006,28.638584
Kenya,KEN,2007,29.260536
Kenya,KEN,2008,28.278666
Kenya,KEN,2009,28.65055
Kenya,KEN,2010,29.460794
Kenya,KEN,2011,29.426138
Kenya,KEN,2012,29.801104
Kenya,KEN,2013,29.974916
Kenya,KEN,2014,29.719223
Kenya,KEN,2015,29.929901
Kenya,KEN,2016,29.845366
Kenya,KEN,2017,30.153158
Kenya,KEN,2018,29.846355
Kenya,KEN,2019,29.893837
Kenya,KEN,2020,29.050987
Kiribati,KIR,2000,26.02995
Kiribati,KIR,2001,26.577267
Kiribati,KIR,2002,25.752552
Kiribati,KIR,2003,25.543003
Kiribati,KIR,2004,25.348671
Kiribati,KIR,2005,25.293554
Kiribati,KIR,2006,25.272474
Kiribati,KIR,2007,25.591568
Kiribati,KIR,2008,24.643942
Kiribati,KIR,2009,24.925045
Kiribati,KIR,2010,24.114206
Kiribati,KIR,2011,24.564531
Kiribati,KIR,2012,24.6409
Kiribati,KIR,2013,24.2641
Kiribati,KIR,2014,24.618187
Kiribati,KIR,2015,24.756964
Kiribati,KIR,2016,25.149073
Kiribati,KIR,2017,25.08703
Kiribati,KIR,2018,25.17086
Kiribati,KIR,2019,25.260237
Kiribati,KIR,2020,25.24026
Kuwait,KWT,2000,1.4146675
Kuwait,KWT,2001,1.3686332
Kuwait,KWT,2002,1.3600357
Kuwait,KWT,2003,1.5171629
Kuwait,KWT,2004,1.632778
Kuwait,KWT,2005,1.7524341
Kuwait,KWT,2006,1.7950542
Kuwait,KWT,2007,1.789894
Kuwait,KWT,2008,1.6970955
Kuwait,KWT,2009,1.4303614
Kuwait,KWT,2010,1.2914015
Kuwait,KWT,2011,1.3520674
Kuwait,KWT,2012,1.423837
Kuwait,KWT,2013,1.3309695
Kuwait,KWT,2014,1.1923158
Kuwait,KWT,2015,0.8930082
Kuwait,KWT,2016,0.8590867
Kuwait,KWT,2017,0.9140497
Kuwait,KWT,2018,0.9218598
Kuwait,KWT,2019,0.9030755
Kuwait,KWT,2020,0.8307839
Kyrgyzstan,KGZ,2000,20.114222
Kyrgyzstan,KGZ,2001,21.947687
Kyrgyzstan,KGZ,2002,22.310648
Kyrgyzstan,KGZ,2003,22.018385
Kyrgyzstan,KGZ,2004,21.869225
Kyrgyzstan,KGZ,2005,21.614813
Kyrgyzstan,KGZ,2006,21.355436
Kyrgyzstan,KGZ,2007,21.094408
Kyrgyzstan,KGZ,2008,20.710562
Kyrgyzstan,KGZ,2009,19.713722
Kyrgyzstan,KGZ,2010,20.14884
Kyrgyzstan,KGZ,2011,20.13601
Kyrgyzstan,KGZ,2012,20.28479
Kyrgyzstan,KGZ,2013,20.49072
Kyrgyzstan,KGZ,2014,20.7807
Kyrgyzstan,KGZ,2015,19.767012
Kyrgyzstan,KGZ,2016,19.825079
Kyrgyzstan,KGZ,2017,19.297277
Kyrgyzstan,KGZ,2018,18.710686
Kyrgyzstan,KGZ,2019,18.159092
Kyrgyzstan,KGZ,2020,16.822279
Laos,LAO,2000,53.984863
Laos,LAO,2001,49.616493
Laos,LAO,2002,50.13802
Laos,LAO,2003,50.255516
Laos,LAO,2004,50.482235
Laos,LAO,2005,50.81842
Laos,LAO,2006,50.884518
Laos,LAO,2007,53.54722
Laos,LAO,2008,53.836926
Laos,LAO,2009,54.120274
Laos,LAO,2010,55.5505
Laos,LAO,2011,55.75409
Laos,LAO,2012,55.901897
Laos,LAO,2013,56.29188
Laos,LAO,2014,56.736446
Laos,LAO,2015,57.093903
Laos,LAO,2016,57.823536
Laos,LAO,2017,57.61665
Laos,LAO,2018,57.381668
Laos,LAO,2019,58.832813
Laos,LAO,2020,57.393143
Latvia,LVA,2000,71.42444
Latvia,LVA,2001,70.96712
Latvia,LVA,2002,71.585434
Latvia,LVA,2003,72.19713
Latvia,LVA,2004,72.61811
Latvia,LVA,2005,73.3115
Latvia,LVA,2006,73.73898
Latvia,LVA,2007,74.29582
Latvia,LVA,2008,74.72458
Latvia,LVA,2009,73.493614
Latvia,LVA,2010,73.48705
Latvia,LVA,2011,73.77241
Latvia,LVA,2012,73.993515
Latvia,LVA,2013,74.09266
Latvia,LVA,2014,74.19568
Latvia,LVA,2015,74.273865
Latvia,LVA,2016,74.52456
Latvia,LVA,2017,75.152214
Latvia,LVA,2018,75.40793
Latvia,LVA,2019,75.21446
Latvia,LVA,2020,74.9934
Lebanon,LBN,2000,14.568365
Lebanon,LBN,2001,14.550943
Lebanon,LBN,2002,14.171502
Lebanon,LBN,2003,14.264666
Lebanon,LBN,2004,14.230251
Lebanon,LBN,2005,14.043308
Lebanon,LBN,2006,13.97993
Lebanon,LBN,2007,14.121795
Lebanon,LBN,2008,14.305257
Lebanon,LBN,2009,14.4933195
Lebanon,LBN,2010,14.790337
Lebanon,LBN,2011,14.544666
Lebanon,LBN,2012,14.408734
Lebanon,LBN,2013,14.358439
Lebanon,LBN,2014,14.375157
Lebanon,LBN,2015,14.325944
Lebanon,LBN,2016,14.310973
Lebanon,LBN,2017,14.119522
Lebanon,LBN,2018,13.94591
Lebanon,LBN,2019,13.574553
Lebanon,LBN,2020,12.723681
Lesotho,LSO,2000,21.15857
Lesotho,LSO,2001,21.223915
Lesotho,LSO,2002,20.986748
Lesotho,LSO,2003,20.90103
Lesotho,LSO,2004,20.970638
Lesotho,LSO,2005,21.052402
Lesotho,LSO,2006,20.954788
Lesotho,LSO,2007,21.239319
Lesotho,LSO,2008,21.501642
Lesotho,LSO,2009,21.63738
Lesotho,LSO,2010,20.722723
Lesotho,LSO,2011,20.62308
Lesotho,LSO,2012,20.367592
Lesotho,LSO,2013,20.635931
Lesotho,LSO,2014,21.279665
Lesotho,LSO,2015,21.781626
Lesotho,LSO,2016,21.15966
Lesotho,LSO,2017,22.00593
Lesotho,LSO,2018,25.392252
Lesotho,LSO,2019,23.7109
Lesotho,LSO,2020,23.388847
Liberia,LBR,2000,43.1088
Liberia,LBR,2001,43.153183
Liberia,LBR,2002,43.035236
Liberia,LBR,2003,42.989666
Liberia,LBR,2004,43.227448
Liberia,LBR,2005,43.266277
Liberia,LBR,2006,43.12083
Liberia,LBR,2007,43.228775
Liberia,LBR,2008,43.043606
Liberia,LBR,2009,42.85552
Liberia,LBR,2010,42.732346
Liberia,LBR,2011,42.776215
Liberia,LBR,2012,42.233917
Liberia,LBR,2013,42.40905
Liberia,LBR,2014,42.08286
Liberia,LBR,2015,42.45184
Liberia,LBR,2016,42.292377
Liberia,LBR,2017,42.40549
Liberia,LBR,2018,42.375298
Liberia,LBR,2019,42.014458
Liberia,LBR,2020,40.384502
Libya,LBY,2000,1.3509893
Libya,LBY,2001,1.3322333
Libya,LBY,2002,1.3176906
Libya,LBY,2003,1.3559265
Libya,LBY,2004,1.3828326
Libya,LBY,2005,1.4250469
Libya,LBY,2006,1.4687355
Libya,LBY,2007,1.5153635
Libya,LBY,2008,1.5235646
Libya,LBY,2009,1.4986533
Libya,LBY,2010,1.5305597
Libya,LBY,2011,1.256115
Libya,LBY,2012,1.4562064
Libya,LBY,2013,1.3706703
Libya,LBY,2014,1.3193667
Libya,LBY,2015,1.3421841
Libya,LBY,2016,1.3344488
Libya,LBY,2017,1.3703787
Libya,LBY,2018,1.4052732
Libya,LBY,2019,1.3533741
Libya,LBY,2020,1.2584696
Lithuania,LTU,2000,73.75757
Lithuania,LTU,2001,73.9412
Lithuania,LTU,2002,74.43946
Lithuania,LTU,2003,74.61467
Lithuania,LTU,2004,75.068924
Lithuania,LTU,2005,75.25059
Lithuania,LTU,2006,75.744316
Lithuania,LTU,2007,76.01133
Lithuania,LTU,2008,76.01922
Lithuania,LTU,2009,75.456535
Lithuania,LTU,2010,75.0129
Lithuania,LTU,2011,76.458435
Lithuania,LTU,2012,76.62177
Lithuania,LTU,2013,76.68137
Lithuania,LTU,2014,76.702736
Lithuania,LTU,2015,75.8811
Lithuania,LTU,2016,75.61416
Lithuania,LTU,2017,75.03603
Lithuania,LTU,2018,74.769554
Lithuania,LTU,2019,74.90776
Lithuania,LTU,2020,75.1452
Luxembourg,LUX,2000,83.03317
Luxembourg,LUX,2001,83.04511
Luxembourg,LUX,2002,83.067055
Luxembourg,LUX,2003,82.945175
Luxembourg,LUX,2004,83.09092
Luxembourg,LUX,2005,83.19506
Luxembourg,LUX,2006,83.74912
Luxembourg,LUX,2007,83.92596
Luxembourg,LUX,2008,84.03472
Luxembourg,LUX,2009,83.839195
Luxembourg,LUX,2010,83.859245
Luxembourg,LUX,2011,84.09238
Luxembourg,LUX,2012,84.1213
Luxembourg,LUX,2013,84.155235
Luxembourg,LUX,2014,84.34872
Luxembourg,LUX,2015,84.35039
Luxembourg,LUX,2016,84.46584
Luxembourg,LUX,2017,84.55362
Luxembourg,LUX,2018,84.49676
Luxembourg,LUX,2019,84.50574
Luxembourg,LUX,2020,84.1951
Madagascar,MDG,2000,31.126083
Madagascar,MDG,2001,30.74962
Madagascar,MDG,2002,29.856358
Madagascar,MDG,2003,29.531837
Madagascar,MDG,2004,29.36602
Madagascar,MDG,2005,29.197384
Madagascar,MDG,2006,28.938343
Madagascar,MDG,2007,28.994383
Madagascar,MDG,2008,28.834457
Madagascar,MDG,2009,29.450481
Madagascar,MDG,2010,29.084875
Madagascar,MDG,2011,28.80035
Madagascar,MDG,2012,28.63355
Madagascar,MDG,2013,28.864395
Madagascar,MDG,2014,29.050991
Madagascar,MDG,2015,28.862154
Madagascar,MDG,2016,28.948298
Madagascar,MDG,2017,29.063145
Madagascar,MDG,2018,29.105202
Madagascar,MDG,2019,29.044308
Madagascar,MDG,2020,29.033463
Malawi,MWI,2000,26.598854
Malawi,MWI,2001,26.438017
Malawi,MWI,2002,26.189938
Malawi,MWI,2003,26.42555
Malawi,MWI,2004,26.526775
Malawi,MWI,2005,26.366444
Malawi,MWI,2006,28.063541
Malawi,MWI,2007,28.167076
Malawi,MWI,2008,27.741997
Malawi,MWI,2009,27.805664
Malawi,MWI,2010,28.692665
Malawi,MWI,2011,28.756475
Malawi,MWI,2012,28.869686
Malawi,MWI,2013,28.80362
Malawi,MWI,2014,28.686954
Malawi,MWI,2015,28.316645
Malawi,MWI,2016,27.636168
Malawi,MWI,2017,27.670675
Malawi,MWI,2018,28.012142
Malawi,MWI,2019,28.333246
Malawi,MWI,2020,28.768005
Malaysia,MYS,2000,15.99127
Malaysia,MYS,2001,15.729243
Malaysia,MYS,2002,15.604061
Malaysia,MYS,2003,15.537383
Malaysia,MYS,2004,15.566756
Malaysia,MYS,2005,15.4162245
Malaysia,MYS,2006,15.339384
Malaysia,MYS,2007,15.368848
Malaysia,MYS,2008,15.433237
Malaysia,MYS,2009,15.223315
Malaysia,MYS,2010,15.318941
Malaysia,MYS,2011,15.509444
Malaysia,MYS,2012,15.682048
Malaysia,MYS,2013,15.726346
Malaysia,MYS,2014,15.854047
Malaysia,MYS,2015,15.864914
Malaysia,MYS,2016,16.034006
Malaysia,MYS,2017,16.22453
Malaysia,MYS,2018,16.415148
Malaysia,MYS,2019,16.609913
Malaysia,MYS,2020,16.264004
Maldives,MDV,2000,4.4832854
Maldives,MDV,2001,4.251413
Maldives,MDV,2002,4.3042784
Maldives,MDV,2003,4.3308315
Maldives,MDV,2004,4.2574067
Maldives,MDV,2005,4.0165668
Maldives,MDV,2006,4.2880774
Maldives,MDV,2007,4.4922657
Maldives,MDV,2008,4.6493077
Maldives,MDV,2009,4.635554
Maldives,MDV,2010,4.7181063
Maldives,MDV,2011,4.901259
Maldives,MDV,2012,5.00547
Maldives,MDV,2013,5.1483808
Maldives,MDV,2014,5.3630958
Maldives,MDV,2015,5.400471
Maldives,MDV,2016,5.4890413
Maldives,MDV,2017,5.622135
Maldives,MDV,2018,5.8224106
Maldives,MDV,2019,5.9951663
Maldives,MDV,2020,5.509385
Mali,MLI,2000,10.025305
Mali,MLI,2001,10.097947
Mali,MLI,2002,10.147358
Mali,MLI,2003,10.116789
Mali,MLI,2004,10.134087
Mali,MLI,2005,10.177175
Mali,MLI,2006,10.214315
Mali,MLI,2007,10.256005
Mali,MLI,2008,10.317025
Mali,MLI,2009,10.323248
Mali,MLI,2010,15.264572
Mali,MLI,2011,15.1867895
Mali,MLI,2012,15.207984
Mali,MLI,2013,14.369663
Mali,MLI,2014,15.199885
Mali,MLI,2015,15.269592
Mali,MLI,2016,14.917817
Mali,MLI,2017,14.816916
Mali,MLI,2018,14.823974
Mali,MLI,2019,14.760729
Mali,MLI,2020,15.991688
Malta,MLT,2000,71.6803
Malta,MLT,2001,71.65673
Malta,MLT,2002,71.96979
Malta,MLT,2003,72.69865
Malta,MLT,2004,72.78914
Malta,MLT,2005,72.79373
Malta,MLT,2006,75.4278
Malta,MLT,2007,74.96655
Malta,MLT,2008,74.395226
Malta,MLT,2009,74.54709
Malta,MLT,2010,74.37097
Malta,MLT,2011,74.57651
Malta,MLT,2012,75.08422
Malta,MLT,2013,75.547424
Malta,MLT,2014,75.79573
Malta,MLT,2015,76.60323
Malta,MLT,2016,77.68142
Malta,MLT,2017,78.490814
Malta,MLT,2018,78.78348
Malta,MLT,2019,79.04286
Malta,MLT,2020,77.27934
Mauritania,MRT,2000,1.7000116
Mauritania,MRT,2001,1.7005826
Mauritania,MRT,2002,1.6999432
Mauritania,MRT,2003,1.7031864
Mauritania,MRT,2004,1.7052037
Mauritania,MRT,2005,1.7100996
Mauritania,MRT,2006,1.7231418
Mauritania,MRT,2007,1.7193588
Mauritania,MRT,2008,1.7167386
Mauritania,MRT,2009,1.7142354
Mauritania,MRT,2010,1.7149231
Mauritania,MRT,2011,1.7161676
Mauritania,MRT,2012,1.7151531
Mauritania,MRT,2013,1.7196164
Mauritania,MRT,2014,1.7170516
Mauritania,MRT,2015,1.716344
Mauritania,MRT,2016,1.728302
Mauritania,MRT,2017,1.7378534
Mauritania,MRT,2018,1.7425245
Mauritania,MRT,2019,1.7476814
Mauritania,MRT,2020,1.7431281
Mauritius,MUS,2000,44.763584
Mauritius,MUS,2001,44.68986
Mauritius,MUS,2002,44.42668
Mauritius,MUS,2003,44.71288
Mauritius,MUS,2004,44.8127
Mauritius,MUS,2005,44.830822
Mauritius,MUS,2006,44.56063
Mauritius,MUS,2007,44.53782
Mauritius,MUS,2008,44.19219
Mauritius,MUS,2009,44.607143
Mauritius,MUS,2010,44.551422
Mauritius,MUS,2011,44.88543
Mauritius,MUS,2012,44.492245
Mauritius,MUS,2013,44.724693
Mauritius,MUS,2014,44.700092
Mauritius,MUS,2015,44.183887
Mauritius,MUS,2016,45.00364
Mauritius,MUS,2017,44.942764
Mauritius,MUS,2018,45.114468
Mauritius,MUS,2019,45.307648
Mauritius,MUS,2020,43.435734
Mexico,MEX,2000,43.696823
Mexico,MEX,2001,43.48671
Mexico,MEX,2002,43.310062
Mexico,MEX,2003,43.456112
Mexico,MEX,2004,43.57389
Mexico,MEX,2005,43.666603
Mexico,MEX,2006,44.07342
Mexico,MEX,2007,42.525486
Mexico,MEX,2008,42.630943
Mexico,MEX,2009,42.77257
Mexico,MEX,2010,42.2752
Mexico,MEX,2011,42.341488
Mexico,MEX,2012,42.171944
Mexico,MEX,2013,41.940746
Mexico,MEX,2014,42.286865
Mexico,MEX,2015,42.92282
Mexico,MEX,2016,43.080498
Mexico,MEX,2017,43.575916
Mexico,MEX,2018,43.875687
Mexico,MEX,2019,43.97145
Mexico,MEX,2020,42.03696
Micronesia (country),FSM,2000,28.972408
Micronesia (country),FSM,2001,30.378277
Micronesia (country),FSM,2002,30.3973
Micronesia (country),FSM,2003,31.307495
Micronesia (country),FSM,2004,28.925217
Micronesia (country),FSM,2005,28.74464
Micronesia (country),FSM,2006,28.395294
Micronesia (country),FSM,2007,28.156538
Micronesia (country),FSM,2008,28.918509
Micronesia (country),FSM,2009,29.064348
Micronesia (country),FSM,2010,28.339083
Micronesia (country),FSM,2011,28.636732
Micronesia (country),FSM,2012,30.951468
Micronesia (country),FSM,2013,27.933973
Micronesia (country),FSM,2014,27.638552
Micronesia (country),FSM,2015,27.842138
Micronesia (country),FSM,2016,27.847263
Micronesia (country),FSM,2017,27.892162
Micronesia (country),FSM,2018,27.931707
Micronesia (country),FSM,2019,27.958244
Micronesia (country),FSM,2020,27.75645
Moldova,MDA,2000,66.732025
Moldova,MDA,2001,67.75118
Moldova,MDA,2002,68.26062
Moldova,MDA,2003,69.103546
Moldova,MDA,2004,69.85165
Moldova,MDA,2005,70.30831
Moldova,MDA,2006,69.805504
Moldova,MDA,2007,69.6324
Moldova,MDA,2008,69.633026
Moldova,MDA,2009,68.472725
Moldova,MDA,2010,69.152016
Moldova,MDA,2011,70.111885
Moldova,MDA,2012,70.296455
Moldova,MDA,2013,70.564026
Moldova,MDA,2014,69.901276
Moldova,MDA,2015,69.35289
Moldova,MDA,2016,69.56321
Moldova,MDA,2017,69.704575
Moldova,MDA,2018,69.6588
Moldova,MDA,2019,69.62058
Moldova,MDA,2020,69.23946
Mongolia,MNG,2000,42.91295
Mongolia,MNG,2001,43.18781
Mongolia,MNG,2002,43.938023
Mongolia,MNG,2003,42.27532
Mongolia,MNG,2004,42.61682
Mongolia,MNG,2005,50.324036
Mongolia,MNG,2006,49.579567
Mongolia,MNG,2007,56.682053
Mongolia,MNG,2008,56.83236
Mongolia,MNG,2009,53.98764
Mongolia,MNG,2010,56.03746
Mongolia,MNG,2011,54.80744
Mongolia,MNG,2012,56.3002
Mongolia,MNG,2013,61.686195
Mongolia,MNG,2014,59.285168
Mongolia,MNG,2015,57.497078
Mongolia,MNG,2016,57.846333
Mongolia,MNG,2017,55.45281
Mongolia,MNG,2018,56.876595
Mongolia,MNG,2019,55.951572
Mongolia,MNG,2020,55.672222
Montenegro,MNE,2016,54.0
Morocco,MAR,2000,6.58609
Morocco,MAR,2001,6.630099
Morocco,MAR,2002,6.6538997
Morocco,MAR,2003,6.70343
Morocco,MAR,2004,6.7317395
Morocco,MAR,2005,6.7522817
Morocco,MAR,2006,6.82495
Morocco,MAR,2007,6.8622413
Morocco,MAR,2008,6.918144
Morocco,MAR,2009,6.985172
Morocco,MAR,2010,6.9677396
Morocco,MAR,2011,7.0118914
Morocco,MAR,2012,7.0272727
Morocco,MAR,2013,7.057528
Morocco,MAR,2014,7.008092
Morocco,MAR,2015,7.0213823
Morocco,MAR,2016,7.0388985
Morocco,MAR,2017,7.0793824
Morocco,MAR,2018,7.161561
Morocco,MAR,2019,7.239045
Morocco,MAR,2020,7.1423135
Mozambique,MOZ,2000,22.667803
Mozambique,MOZ,2001,22.49369
Mozambique,MOZ,2002,22.240597
Mozambique,MOZ,2003,22.140394
Mozambique,MOZ,2004,22.044165
Mozambique,MOZ,2005,21.938772
Mozambique,MOZ,2006,21.738533
Mozambique,MOZ,2007,21.744854
Mozambique,MOZ,2008,21.813879
Mozambique,MOZ,2009,21.658808
Mozambique,MOZ,2010,21.684504
Mozambique,MOZ,2011,22.01316
Mozambique,MOZ,2012,22.240322
Mozambique,MOZ,2013,22.335144
Mozambique,MOZ,2014,22.658945
Mozambique,MOZ,2015,23.063368
Mozambique,MOZ,2016,23.386875
Mozambique,MOZ,2017,23.556534
Mozambique,MOZ,2018,23.779427
Mozambique,MOZ,2019,23.909084
Mozambique,MOZ,2020,23.598331
Myanmar,MMR,2000,33.499638
Myanmar,MMR,2001,33.56045
Myanmar,MMR,2002,34.521774
Myanmar,MMR,2003,34.613678
Myanmar,MMR,2004,34.72755
Myanmar,MMR,2005,34.754513
Myanmar,MMR,2006,34.904526
Myanmar,MMR,2007,35.13932
Myanmar,MMR,2008,35.31503
Myanmar,MMR,2009,35.577972
Myanmar,MMR,2010,35.847145
Myanmar,MMR,2011,36.249016
Myanmar,MMR,2012,36.716732
Myanmar,MMR,2013,36.96831
Myanmar,MMR,2014,37.152493
Myanmar,MMR,2015,37.36778
Myanmar,MMR,2016,37.70896
Myanmar,MMR,2017,38.184994
Myanmar,MMR,2018,38.46192
Myanmar,MMR,2019,39.231182
Myanmar,MMR,2020,38.233433
Namibia,NAM,2000,23.88326
Namibia,NAM,2001,23.835592
Namibia,NAM,2002,23.744825
Namibia,NAM,2003,23.54745
Namibia,NAM,2004,23.890097
Namibia,NAM,2005,23.514849
Namibia,NAM,2006,23.500734
Namibia,NAM,2007,23.552557
Namibia,NAM,2008,23.800373
Namibia,NAM,2009,24.399618
Namibia,NAM,2010,24.41219
Namibia,NAM,2011,25.032116
Namibia,NAM,2012,25.478699
Namibia,NAM,2013,26.186174
Namibia,NAM,2014,26.701477
Namibia,NAM,2015,27.131092
Namibia,NAM,2016,27.54992
Namibia,NAM,2017,27.286253
Namibia,NAM,2018,27.25619
Namibia,NAM,2019,26.899378
Namibia,NAM,2020,25.635836
Nauru,NRU,2000,37.43943
Nauru,NRU,2001,32.461445
Nauru,NRU,2002,32.726147
Nauru,NRU,2003,31.39465
Nauru,NRU,2004,31.465572
Nauru,NRU,2005,29.726559
Nauru,NRU,2006,30.234804
Nauru,NRU,2007,30.067194
Nauru,NRU,2008,30.913591
Nauru,NRU,2009,29.904276
Nauru,NRU,2010,35.498306
Nauru,NRU,2011,35.37522
Nauru,NRU,2012,34.048996
Nauru,NRU,2013,32.075443
Nauru,NRU,2014,32.471394
Nauru,NRU,2015,32.528744
Nauru,NRU,2016,32.582615
Nauru,NRU,2017,32.489647
Nauru,NRU,2018,32.666084
Nauru,NRU,2019,32.661587
Nauru,NRU,2020,32.353413
Nepal,NPL,2000,24.473993
Nepal,NPL,2001,24.432718
Nepal,NPL,2002,24.645779
Nepal,NPL,2003,24.622175
Nepal,NPL,2004,24.662117
Nepal,NPL,2005,24.560818
Nepal,NPL,2006,24.435406
Nepal,NPL,2007,24.376673
Nepal,NPL,2008,24.304234
Nepal,NPL,2009,24.26244
Nepal,NPL,2010,26.258495
Nepal,NPL,2011,26.083548
Nepal,NPL,2012,25.932785
Nepal,NPL,2013,26.16199
Nepal,NPL,2014,25.239552
Nepal,NPL,2015,26.045937
Nepal,NPL,2016,26.301659
Nepal,NPL,2017,26.118214
Nepal,NPL,2018,26.141161
Nepal,NPL,2019,26.708359
Nepal,NPL,2020,25.813087
Netherlands,NLD,2000,78.67284
Netherlands,NLD,2001,78.45564
Netherlands,NLD,2002,78.39199
Netherlands,NLD,2003,78.02985
Netherlands,NLD,2004,78.15559
Netherlands,NLD,2005,78.14961
Netherlands,NLD,2006,78.42739
Netherlands,NLD,2007,78.48131
Netherlands,NLD,2008,78.642296
Netherlands,NLD,2009,77.99954
Netherlands,NLD,2010,77.87388
Netherlands,NLD,2011,77.86339
Netherlands,NLD,2012,77.84984
Netherlands,NLD,2013,77.474464
Netherlands,NLD,2014,77.15954
Netherlands,NLD,2015,77.05662
Netherlands,NLD,2016,77.13066
Netherlands,NLD,2017,77.28635
Netherlands,NLD,2018,77.518486
Netherlands,NLD,2019,77.41755
Netherlands,NLD,2020,76.875496
New Zealand,NZL,2000,78.83952
New Zealand,NZL,2001,78.74604
New Zealand,NZL,2002,79.12718
New Zealand,NZL,2003,79.01632
New Zealand,NZL,2004,79.2869
New Zealand,NZL,2005,79.407234
New Zealand,NZL,2006,79.541794
New Zealand,NZL,2007,79.48233
New Zealand,NZL,2008,79.69784
New Zealand,NZL,2009,79.52158
New Zealand,NZL,2010,79.81253
New Zealand,NZL,2011,79.72641
New Zealand,NZL,2012,79.44095
New Zealand,NZL,2013,79.59045
New Zealand,NZL,2014,79.527115
New Zealand,NZL,2015,79.29205
New Zealand,NZL,2016,79.76968
New Zealand,NZL,2017,79.97883
New Zealand,NZL,2018,80.05518
New Zealand,NZL,2019,80.30547
New Zealand,NZL,2020,80.27863
Nicaragua,NIC,2000,38.112286
Nicaragua,NIC,2001,37.980118
Nicaragua,NIC,2002,38.018322
Nicaragua,NIC,2003,38.578888
Nicaragua,NIC,2004,38.698875
Nicaragua,NIC,2005,38.535572
Nicaragua,NIC,2006,38.563404
Nicaragua,NIC,2007,38.84169
Nicaragua,NIC,2008,38.507534
Nicaragua,NIC,2009,37.97308
Nicaragua,NIC,2010,38.072876
Nicaragua,NIC,2011,38.184155
Nicaragua,NIC,2012,38.755035
Nicaragua,NIC,2013,38.76875
Nicaragua,NIC,2014,38.848038
Nicaragua,NIC,2015,39.324036
Nicaragua,NIC,2016,39.60814
Nicaragua,NIC,2017,39.83067
Nicaragua,NIC,2018,39.678043
Nicaragua,NIC,2019,39.343006
Nicaragua,NIC,2020,38.714893
Niger,NER,2000,9.067513
Niger,NER,2001,9.109666
Niger,NER,2002,9.109212
Niger,NER,2003,9.11839
Niger,NER,2004,9.133413
Niger,NER,2005,9.137976
Niger,NER,2006,9.167635
Niger,NER,2007,9.158647
Niger,NER,2008,9.1734495
Niger,NER,2009,9.153242
Niger,NER,2010,9.175456
Niger,NER,2011,9.168985
Niger,NER,2012,9.158714
Niger,NER,2013,9.138305
Niger,NER,2014,9.137587
Niger,NER,2015,9.121668
Niger,NER,2016,9.123102
Niger,NER,2017,9.07831
Niger,NER,2018,9.035223
Niger,NER,2019,9.038076
Niger,NER,2020,9.037683
Nigeria,NGA,2000,32.935783
Nigeria,NGA,2001,32.71889
Nigeria,NGA,2002,32.760117
Nigeria,NGA,2003,33.008377
Nigeria,NGA,2004,33.09008
Nigeria,NGA,2005,33.084656
Nigeria,NGA,2006,33.084145
Nigeria,NGA,2007,32.956524
Nigeria,NGA,2008,32.77753
Nigeria,NGA,2009,32.599392
Nigeria,NGA,2010,25.37573
Nigeria,NGA,2011,26.842224
Nigeria,NGA,2012,26.789024
Nigeria,NGA,2013,26.87843
Nigeria,NGA,2014,27.009735
Nigeria,NGA,2015,26.948313
Nigeria,NGA,2016,26.619972
Nigeria,NGA,2017,26.436836
Nigeria,NGA,2018,26.279207
Nigeria,NGA,2019,25.910603
Nigeria,NGA,2020,25.195713
Niue,NIU,2000,38.452015
Niue,NIU,2001,40.7631
Niue,NIU,2002,34.58352
Niue,NIU,2003,39.285175
Niue,NIU,2004,38.91696
Niue,NIU,2005,35.743744
Niue,NIU,2006,36.63625
Niue,NIU,2007,33.314735
Niue,NIU,2008,39.791485
Niue,NIU,2009,36.20377
Niue,NIU,2010,33.711094
Niue,NIU,2011,37.325336
Niue,NIU,2012,40.31393
Niue,NIU,2013,39.13662
Niue,NIU,2014,38.995262
Niue,NIU,2015,39.536053
Niue,NIU,2016,39.957287
Niue,NIU,2017,39.733364
Niue,NIU,2018,39.598293
Niue,NIU,2019,39.3894
Niue,NIU,2020,38.575382
North Korea,PRK,2000,56.751923
North Korea,PRK,2001,54.30789
North Korea,PRK,2002,55.942177
North Korea,PRK,2003,56.129734
North Korea,PRK,2004,56.143295
North Korea,PRK,2005,56.446056
North Korea,PRK,2006,56.851883
North Korea,PRK,2007,56.61626
North Korea,PRK,2008,56.808453
North Korea,PRK,2009,57.426277
North Korea,PRK,2010,58.21589
North Korea,PRK,2011,58.45503
North Korea,PRK,2012,58.73597
North Korea,PRK,2013,58.967308
North Korea,PRK,2014,59.00475
North Korea,PRK,2015,58.92997
North Korea,PRK,2016,59.459156
North Korea,PRK,2017,59.267998
North Korea,PRK,2018,59.456474
North Korea,PRK,2019,59.945736
North Korea,PRK,2020,59.074352
North Macedonia,MKD,2000,45.53402
North Macedonia,MKD,2001,45.00888
North Macedonia,MKD,2002,45.34613
North Macedonia,MKD,2003,46.044685
North Macedonia,MKD,2004,45.36676
North Macedonia,MKD,2005,44.911617
North Macedonia,MKD,2006,43.752884
North Macedonia,MKD,2007,43.609272
North Macedonia,MKD,2008,43.87919
North Macedonia,MKD,2009,42.809948
North Macedonia,MKD,2010,42.716904
North Macedonia,MKD,2011,42.510086
North Macedonia,MKD,2012,42.330837
North Macedonia,MKD,2013,42.408867
North Macedonia,MKD,2014,42.187912
North Macedonia,MKD,2015,42.081802
North Macedonia,MKD,2016,42.205933
North Macedonia,MKD,2017,42.381687
North Macedonia,MKD,2018,42.77251
North Macedonia,MKD,2019,42.859684
North Macedonia,MKD,2020,41.72125
Norway,NOR,2000,74.612
Norway,NOR,2001,74.42138
Norway,NOR,2002,74.950966
Norway,NOR,2003,75.15496
Norway,NOR,2004,75.741066
Norway,NOR,2005,76.39226
Norway,NOR,2006,77.06746
Norway,NOR,2007,77.33793
Norway,NOR,2008,77.988235
Norway,NOR,2009,77.298416
Norway,NOR,2010,77.37689
Norway,NOR,2011,77.526726
Norway,NOR,2012,77.49772
Norway,NOR,2013,77.582855
Norway,NOR,2014,77.261
Norway,NOR,2015,76.594284
Norway,NOR,2016,76.462166
Norway,NOR,2017,76.81729
Norway,NOR,2018,77.248825
Norway,NOR,2019,76.94899
Norway,NOR,2020,77.82094
Oman,OMN,2000,13.1359625
Oman,OMN,2001,13.466183
Oman,OMN,2002,13.506992
Oman,OMN,2003,13.526068
Oman,OMN,2004,13.725043
Oman,OMN,2005,13.922641
Oman,OMN,2006,14.142852
Oman,OMN,2007,14.437833
Oman,OMN,2008,14.967617
Oman,OMN,2009,15.265758
Oman,OMN,2010,15.553687
Oman,OMN,2011,16.013737
Oman,OMN,2012,16.701996
Oman,OMN,2013,16.586878
Oman,OMN,2014,16.138378
Oman,OMN,2015,15.1331835
Oman,OMN,2016,14.896466
Oman,OMN,2017,14.998315
Oman,OMN,2018,14.969558
Oman,OMN,2019,14.697137
Oman,OMN,2020,13.712334
Pakistan,PAK,2000,1.5371695
Pakistan,PAK,2001,1.5342649
Pakistan,PAK,2002,1.5313804
Pakistan,PAK,2003,1.5311828
Pakistan,PAK,2004,1.5325997
Pakistan,PAK,2005,1.5389231
Pakistan,PAK,2006,1.5410767
Pakistan,PAK,2007,1.5424131
Pakistan,PAK,2008,1.5423028
Pakistan,PAK,2009,1.5424062
Pakistan,PAK,2010,1.548317
Pakistan,PAK,2011,1.553683
Pakistan,PAK,2012,1.5551928
Pakistan,PAK,2013,1.5597734
Pakistan,PAK,2014,1.5667479
Pakistan,PAK,2015,1.570848
Pakistan,PAK,2016,1.5709631
Pakistan,PAK,2017,1.5717275
Pakistan,PAK,2018,1.5779879
Pakistan,PAK,2019,1.5806063
Pakistan,PAK,2020,1.5749804
Panama,PAN,2000,41.456642
Panama,PAN,2001,41.18426
Panama,PAN,2002,41.40728
Panama,PAN,2003,41.53837
Panama,PAN,2004,41.96045
Panama,PAN,2005,41.88879
Panama,PAN,2006,42.429535
Panama,PAN,2007,43.384853
Panama,PAN,2008,44.50119
Panama,PAN,2009,44.821262
Panama,PAN,2010,45.025955
Panama,PAN,2011,45.303165
Panama,PAN,2012,45.54897
Panama,PAN,2013,45.74768
Panama,PAN,2014,46.076694
Panama,PAN,2015,46.375927
Panama,PAN,2016,46.127182
Panama,PAN,2017,46.907658
Panama,PAN,2018,46.66328
Panama,PAN,2019,46.633835
Panama,PAN,2020,42.971195
Papua New Guinea,PNG,2000,28.662245
Papua New Guinea,PNG,2001,28.983047
Papua New Guinea,PNG,2002,28.621367
Papua New Guinea,PNG,2003,28.10322
Papua New Guinea,PNG,2004,27.909048
Papua New Guinea,PNG,2005,28.514313
Papua New Guinea,PNG,2006,28.003086
Papua New Guinea,PNG,2007,28.314514
Papua New Guinea,PNG,2008,28.377977
Papua New Guinea,PNG,2009,28.228241
Papua New Guinea,PNG,2010,26.715387
Papua New Guinea,PNG,2011,26.943373
Papua New Guinea,PNG,2012,27.380276
Papua New Guinea,PNG,2013,27.517591
Papua New Guinea,PNG,2014,28.307878
Papua New Guinea,PNG,2015,28.204712
Papua New Guinea,PNG,2016,28.029724
Papua New Guinea,PNG,2017,28.491945
Papua New Guinea,PNG,2018,28.37834
Papua New Guinea,PNG,2019,27.685562
Papua New Guinea,PNG,2020,27.01615
Paraguay,PRY,2000,51.26663
Paraguay,PRY,2001,50.95395
Paraguay,PRY,2002,49.775887
Paraguay,PRY,2003,49.243324
Paraguay,PRY,2004,50.44159
Paraguay,PRY,2005,51.008682
Paraguay,PRY,2006,51.718052
Paraguay,PRY,2007,51.956287
Paraguay,PRY,2008,53.178642
Paraguay,PRY,2009,51.964977
Paraguay,PRY,2010,52.38243
Paraguay,PRY,2011,52.269566
Paraguay,PRY,2012,51.732853
Paraguay,PRY,2013,51.622417
Paraguay,PRY,2014,51.175076
Paraguay,PRY,2015,50.908062
Paraguay,PRY,2016,51.21307
Paraguay,PRY,2017,51.547264
Paraguay,PRY,2018,51.686127
Paraguay,PRY,2019,51.820995
Paraguay,PRY,2020,51.788143
Peru,PER,2000,65.86441
Peru,PER,2001,64.922104
Peru,PER,2002,64.74436
Peru,PER,2003,65.26495
Peru,PER,2004,65.31571
Peru,PER,2005,65.053955
Peru,PER,2006,65.423454
Peru,PER,2007,65.47758
Peru,PER,2008,65.92803
Peru,PER,2009,66.01707
Peru,PER,2010,67.002235
Peru,PER,2011,67.273346
Peru,PER,2012,67.5003
Peru,PER,2013,67.20807
Peru,PER,2014,66.75606
Peru,PER,2015,66.751945
Peru,PER,2016,66.79176
Peru,PER,2017,66.771545
Peru,PER,2018,66.74984
Peru,PER,2019,66.57805
Peru,PER,2020,65.50806
Philippines,PHL,2000,45.583862
Philippines,PHL,2001,45.431427
Philippines,PHL,2002,45.224243
Philippines,PHL,2003,45.39253
Philippines,PHL,2004,45.46061
Philippines,PHL,2005,45.138226
Philippines,PHL,2006,44.86016
Philippines,PHL,2007,45.119717
Philippines,PHL,2008,45.25827
Philippines,PHL,2009,45.532116
Philippines,PHL,2010,46.467163
Philippines,PHL,2011,46.497887
Philippines,PHL,2012,46.971302
Philippines,PHL,2013,45.78601
Philippines,PHL,2014,46.21069
Philippines,PHL,2015,45.954407
Philippines,PHL,2016,46.08741
Philippines,PHL,2017,46.74691
Philippines,PHL,2018,47.139153
Philippines,PHL,2019,47.218113
Philippines,PHL,2020,46.003727
Poland,POL,2000,69.905174
Poland,POL,2001,69.3029
Poland,POL,2002,69.655136
Poland,POL,2003,70.6956
Poland,POL,2004,70.95543
Poland,POL,2005,70.933235
Poland,POL,2006,71.61907
Poland,POL,2007,72.28242
Poland,POL,2008,72.73906
Poland,POL,2009,72.38497
Poland,POL,2010,72.50828
Poland,POL,2011,72.80369
Poland,POL,2012,72.83821
Poland,POL,2013,73.287224
Poland,POL,2014,73.07257
Poland,POL,2015,73.14035
Poland,POL,2016,73.15115
Poland,POL,2017,73.2838
Poland,POL,2018,73.415924
Poland,POL,2019,73.66754
Poland,POL,2020,73.478485
Portugal,PRT,2000,78.95605
Portugal,PRT,2001,78.952705
Portugal,PRT,2002,78.97736
Portugal,PRT,2003,78.85404
Portugal,PRT,2004,78.93618
Portugal,PRT,2005,78.85678
Portugal,PRT,2006,78.918564
Portugal,PRT,2007,78.79386
Portugal,PRT,2008,78.786224
Portugal,PRT,2009,78.72157
Portugal,PRT,2010,78.567505
Portugal,PRT,2011,78.15673
Portugal,PRT,2012,77.160065
Portugal,PRT,2013,77.02462
Portugal,PRT,2014,77.57088
Portugal,PRT,2015,77.66788
Portugal,PRT,2016,77.79623
Portugal,PRT,2017,77.77939
Portugal,PRT,2018,77.719376
Portugal,PRT,2019,78.076996
Portugal,PRT,2020,76.22154
Qatar,QAT,2000,26.344309
Qatar,QAT,2001,27.680843
Qatar,QAT,2002,29.052782
Qatar,QAT,2003,29.67875
Qatar,QAT,2004,32.003635
Qatar,QAT,2005,31.828617
Qatar,QAT,2006,34.499092
Qatar,QAT,2007,35.954548
Qatar,QAT,2008,37.016346
Qatar,QAT,2009,36.927956
Qatar,QAT,2010,38.662796
Qatar,QAT,2011,39.448135
Qatar,QAT,2012,39.596306
Qatar,QAT,2013,39.176044
Qatar,QAT,2014,38.048748
Qatar,QAT,2015,32.550827
Qatar,QAT,2016,30.877981
Qatar,QAT,2017,32.44668
Qatar,QAT,2018,32.72208
Qatar,QAT,2019,32.7126
Qatar,QAT,2020,31.94054
Romania,ROU,2000,74.66135
Romania,ROU,2001,74.97603
Romania,ROU,2002,75.02314
Romania,ROU,2003,74.87726
Romania,ROU,2004,74.96521
Romania,ROU,2005,74.76603
Romania,ROU,2006,74.978676
Romania,ROU,2007,75.33813
Romania,ROU,2008,75.76605
Romania,ROU,2009,75.614975
Romania,ROU,2010,75.48884
Romania,ROU,2011,75.464806
Romania,ROU,2012,75.529495
Romania,ROU,2013,75.56501
Romania,ROU,2014,75.54331
Romania,ROU,2015,75.53509
Romania,ROU,2016,75.65224
Romania,ROU,2017,75.84404
Romania,ROU,2018,76.012474
Romania,ROU,2019,76.019135
Romania,ROU,2020,75.895096
Russia,RUS,2000,57.764084
Russia,RUS,2001,57.973587
Russia,RUS,2002,58.253277
Russia,RUS,2003,58.692623
Russia,RUS,2004,58.88429
Russia,RUS,2005,59.20104
Russia,RUS,2006,59.911987
Russia,RUS,2007,60.564255
Russia,RUS,2008,61.279243
Russia,RUS,2009,60.826397
Russia,RUS,2010,60.97373
Russia,RUS,2011,61.3854
Russia,RUS,2012,61.579205
Russia,RUS,2013,61.290806
Russia,RUS,2014,60.38416
Russia,RUS,2015,59.160263
Russia,RUS,2016,58.850666
Russia,RUS,2017,57.920536
Russia,RUS,2018,58.415417
Russia,RUS,2019,58.38276
Russia,RUS,2020,58.309364
Rwanda,RWA,2000,28.318213
Rwanda,RWA,2001,28.524458
Rwanda,RWA,2002,28.571278
Rwanda,RWA,2003,28.503885
Rwanda,RWA,2004,28.502802
Rwanda,RWA,2005,29.154778
Rwanda,RWA,2006,29.253565
Rwanda,RWA,2007,29.18941
Rwanda,RWA,2008,29.25638
Rwanda,RWA,2009,29.384218
Rwanda,RWA,2010,29.712593
Rwanda,RWA,2011,29.45288
Rwanda,RWA,2012,29.679005
Rwanda,RWA,2013,29.861109
Rwanda,RWA,2014,30.030699
Rwanda,RWA,2015,30.302662
Rwanda,RWA,2016,30.098244
Rwanda,RWA,2017,30.007805
Rwanda,RWA,2018,30.20209
Rwanda,RWA,2019,33.70739
Rwanda,RWA,2020,33.4531
Saint Kitts and Nevis,KNA,2000,52.798706
Saint Kitts and Nevis,KNA,2001,53.41473
Saint Kitts and Nevis,KNA,2002,53.069324
Saint Kitts and Nevis,KNA,2003,53.319836
Saint Kitts and Nevis,KNA,2004,54.393867
Saint Kitts and Nevis,KNA,2005,55.729008
Saint Kitts and Nevis,KNA,2006,56.564137
Saint Kitts and Nevis,KNA,2007,55.900185
Saint Kitts and Nevis,KNA,2008,55.842976
Saint Kitts and Nevis,KNA,2009,55.183334
Saint Kitts and Nevis,KNA,2010,53.63334
Saint Kitts and Nevis,KNA,2011,53.744278
Saint Kitts and Nevis,KNA,2012,53.522373
Saint Kitts and Nevis,KNA,2013,53.57152
Saint Kitts and Nevis,KNA,2014,53.86837
Saint Kitts and Nevis,KNA,2015,53.67978
Saint Kitts and Nevis,KNA,2016,53.996834
Saint Kitts and Nevis,KNA,2017,54.275776
Saint Kitts and Nevis,KNA,2018,54.42149
Saint Kitts and Nevis,KNA,2019,54.873474
Saint Kitts and Nevis,KNA,2020,51.27561
Saint Lucia,LCA,2000,57.030964
Saint Lucia,LCA,2001,57.138817
Saint Lucia,LCA,2002,56.583317
Saint Lucia,LCA,2003,58.51082
Saint Lucia,LCA,2004,58.122456
Saint Lucia,LCA,2005,59.111443
Saint Lucia,LCA,2006,59.544765
Saint Lucia,LCA,2007,59.26906
Saint Lucia,LCA,2008,58.304176
Saint Lucia,LCA,2009,57.44564
Saint Lucia,LCA,2010,56.91045
Saint Lucia,LCA,2011,56.579334
Saint Lucia,LCA,2012,56.217712
Saint Lucia,LCA,2013,55.509167
Saint Lucia,LCA,2014,55.938076
Saint Lucia,LCA,2015,55.977654
Saint Lucia,LCA,2016,56.392754
Saint Lucia,LCA,2017,56.822662
Saint Lucia,LCA,2018,57.338142
Saint Lucia,LCA,2019,58.486736
Saint Lucia,LCA,2020,57.00889
Saint Vincent and the Grenadines,VCT,2000,47.48395
Saint Vincent and the Grenadines,VCT,2001,47.47356
Saint Vincent and the Grenadines,VCT,2002,47.810696
Saint Vincent and the Grenadines,VCT,2003,48.37986
Saint Vincent and the Grenadines,VCT,2004,48.892532
Saint Vincent and the Grenadines,VCT,2005,50.288044
Saint Vincent and the Grenadines,VCT,2006,50.119976
Saint Vincent and the Grenadines,VCT,2007,50.346283
Saint Vincent and the Grenadines,VCT,2008,52.18221
Saint Vincent and the Grenadines,VCT,2009,52.051247
Saint Vincent and the Grenadines,VCT,2010,52.037315
Saint Vincent and the Grenadines,VCT,2011,51.88814
Saint Vincent and the Grenadines,VCT,2012,51.49265
Saint Vincent and the Grenadines,VCT,2013,51.97315
Saint Vincent and the Grenadines,VCT,2014,52.30949
Saint Vincent and the Grenadines,VCT,2015,52.679558
Saint Vincent and the Grenadines,VCT,2016,53.344456
Saint Vincent and the Grenadines,VCT,2017,53.29462
Saint Vincent and the Grenadines,VCT,2018,53.111458
Saint Vincent and the Grenadines,VCT,2019,53.165337
Saint Vincent and the Grenadines,VCT,2020,50.598083
Samoa,WSM,2000,32.206047
Samoa,WSM,2001,32.196426
Samoa,WSM,2002,32.24738
Samoa,WSM,2003,32.70984
Samoa,WSM,2004,32.34993
Samoa,WSM,2005,32.257652
Samoa,WSM,2006,31.494368
Samoa,WSM,2007,31.482914
Samoa,WSM,2008,31.561481
Samoa,WSM,2009,29.66195
Samoa,WSM,2010,29.749588
Samoa,WSM,2011,28.31853
Samoa,WSM,2012,28.70518
Samoa,WSM,2013,28.11216
Samoa,WSM,2014,28.212164
Samoa,WSM,2015,28.391886
Samoa,WSM,2016,29.10305
Samoa,WSM,2017,28.990614
Samoa,WSM,2018,29.22201
Samoa,WSM,2019,29.344532
Samoa,WSM,2020,29.11254
Sao Tome and Principe,STP,2000,53.59642
Sao Tome and Principe,STP,2001,53.83924
Sao Tome and Principe,STP,2002,55.651752
Sao Tome and Principe,STP,2003,56.906864
Sao Tome and Principe,STP,2004,56.894382
Sao Tome and Principe,STP,2005,55.79266
Sao Tome and Principe,STP,2006,55.848286
Sao Tome and Principe,STP,2007,55.400333
Sao Tome and Principe,STP,2008,54.04582
Sao Tome and Principe,STP,2009,53.30866
Sao Tome and Principe,STP,2010,53.60604
Sao Tome and Principe,STP,2011,56.233532
Sao Tome and Principe,STP,2012,56.256252
Sao Tome and Principe,STP,2013,56.875805
Sao Tome and Principe,STP,2014,55.957165
Sao Tome and Principe,STP,2015,54.66288
Sao Tome and Principe,STP,2016,53.971905
Sao Tome and Principe,STP,2017,52.348446
Sao Tome and Principe,STP,2018,53.17764
Sao Tome and Principe,STP,2019,53.176167
Sao Tome and Principe,STP,2020,52.29954
Saudi Arabia,SAU,2000,1.8542519
Saudi Arabia,SAU,2001,1.8378125
Saudi Arabia,SAU,2002,1.798635
Saudi Arabia,SAU,2003,1.8811972
Saudi Arabia,SAU,2004,1.9409499
Saudi Arabia,SAU,2005,1.9752622
Saudi Arabia,SAU,2006,1.9792995
Saudi Arabia,SAU,2007,1.9741946
Saudi Arabia,SAU,2008,2.0184236
Saudi Arabia,SAU,2009,1.945389
Saudi Arabia,SAU,2010,1.9680934
Saudi Arabia,SAU,2011,2.0890286
Saudi Arabia,SAU,2012,2.1231637
Saudi Arabia,SAU,2013,2.0839005
Saudi Arabia,SAU,2014,2.0765767
Saudi Arabia,SAU,2015,1.9065123
Saudi Arabia,SAU,2016,1.8500458
Saudi Arabia,SAU,2017,1.898398
Saudi Arabia,SAU,2018,1.927751
Saudi Arabia,SAU,2019,1.9291083
Saudi Arabia,SAU,2020,1.8699116
Senegal,SEN,2000,9.484901
Senegal,SEN,2001,9.568964
Senegal,SEN,2002,9.593349
Senegal,SEN,2003,9.563547
Senegal,SEN,2004,9.564459
Senegal,SEN,2005,9.570766
Senegal,SEN,2006,9.600946
Senegal,SEN,2007,9.60129
Senegal,SEN,2008,9.635647
Senegal,SEN,2009,9.577171
Senegal,SEN,2010,9.561758
Senegal,SEN,2011,9.603974
Senegal,SEN,2012,9.5824795
Senegal,SEN,2013,9.570409
Senegal,SEN,2014,9.599153
Senegal,SEN,2015,9.614047
Senegal,SEN,2016,9.672447
Senegal,SEN,2017,9.69949
Senegal,SEN,2018,9.73106
Senegal,SEN,2019,9.747625
Senegal,SEN,2020,9.723163
Serbia,SRB,2016,60.0
Seychelles,SYC,2000,52.868664
Seychelles,SYC,2001,52.21889
Seychelles,SYC,2002,55.12751
Seychelles,SYC,2003,54.41321
Seychelles,SYC,2004,52.790134
Seychelles,SYC,2005,56.15267
Seychelles,SYC,2006,55.97575
Seychelles,SYC,2007,57.192074
Seychelles,SYC,2008,55.249214
Seychelles,SYC,2009,53.15775
Seychelles,SYC,2010,54.50468
Seychelles,SYC,2011,58.33342
Seychelles,SYC,2012,59.159157
Seychelles,SYC,2013,58.296677
Seychelles,SYC,2014,60.598614
Seychelles,SYC,2015,61.858086
Seychelles,SYC,2016,63.61297
Seychelles,SYC,2017,63.455162
Seychelles,SYC,2018,61.63814
Seychelles,SYC,2019,62.93724
Seychelles,SYC,2020,60.532833
Sierra Leone,SLE,2000,20.562746
Sierra Leone,SLE,2001,20.071508
Sierra Leone,SLE,2002,19.843138
Sierra Leone,SLE,2003,19.462736
Sierra Leone,SLE,2004,19.088125
Sierra Leone,SLE,2005,18.615498
Sierra Leone,SLE,2006,18.313515
Sierra Leone,SLE,2007,18.059027
Sierra Leone,SLE,2008,17.805126
Sierra Leone,SLE,2009,17.497274
Sierra Leone,SLE,2010,17.189823
Sierra Leone,SLE,2011,17.298594
Sierra Leone,SLE,2012,17.47126
Sierra Leone,SLE,2013,17.647112
Sierra Leone,SLE,2014,17.386662
Sierra Leone,SLE,2015,17.36694
Sierra Leone,SLE,2016,17.181322
Sierra Leone,SLE,2017,17.174114
Sierra Leone,SLE,2018,17.277359
Sierra Leone,SLE,2019,17.30337
Sierra Leone,SLE,2020,17.345758
Singapore,SGP,2000,60.08189
Singapore,SGP,2001,60.053555
Singapore,SGP,2002,60.379814
Singapore,SGP,2003,59.1559
Singapore,SGP,2004,59.759373
Singapore,SGP,2005,60.311714
Singapore,SGP,2006,61.05503
Singapore,SGP,2007,61.695854
Singapore,SGP,2008,61.821835
Singapore,SGP,2009,61.751804
Singapore,SGP,2010,62.844517
Singapore,SGP,2011,63.223953
Singapore,SGP,2012,63.353035
Singapore,SGP,2013,63.14048
Singapore,SGP,2014,63.08949
Singapore,SGP,2015,63.097
Singapore,SGP,2016,63.14321
Singapore,SGP,2017,63.308796
Singapore,SGP,2018,63.5398
Singapore,SGP,2019,63.373814
Singapore,SGP,2020,62.919827
Slovakia,SVK,2000,71.62312
Slovakia,SVK,2001,71.46551
Slovakia,SVK,2002,71.6282
Slovakia,SVK,2003,70.92236
Slovakia,SVK,2004,71.22595
Slovakia,SVK,2005,72.079994
Slovakia,SVK,2006,71.87394
Slovakia,SVK,2007,72.37992
Slovakia,SVK,2008,73.258064
Slovakia,SVK,2009,72.60418
Slovakia,SVK,2010,72.41684
Slovakia,SVK,2011,72.62401
Slovakia,SVK,2012,72.59455
Slovakia,SVK,2013,72.46618
Slovakia,SVK,2014,72.82708
Slovakia,SVK,2015,72.86116
Slovakia,SVK,2016,72.45048
Slovakia,SVK,2017,72.20592
Slovakia,SVK,2018,72.545784
Slovakia,SVK,2019,73.46988
Slovakia,SVK,2020,72.75593
Slovenia,SVN,2000,72.95973
Slovenia,SVN,2001,72.15558
Slovenia,SVN,2002,70.79474
Slovenia,SVN,2003,72.23428
Slovenia,SVN,2004,71.06337
Slovenia,SVN,2005,72.12124
Slovenia,SVN,2006,73.031685
Slovenia,SVN,2007,72.24867
Slovenia,SVN,2008,72.344864
Slovenia,SVN,2009,71.78538
Slovenia,SVN,2010,71.63833
Slovenia,SVN,2011,71.95684
Slovenia,SVN,2012,72.16326
Slovenia,SVN,2013,70.92388
Slovenia,SVN,2014,72.113365
Slovenia,SVN,2015,72.511086
Slovenia,SVN,2016,71.83365
Slovenia,SVN,2017,71.62603
Slovenia,SVN,2018,71.62368
Slovenia,SVN,2019,72.5461
Slovenia,SVN,2020,71.362434
Solomon Islands,SLB,2000,25.72414
Solomon Islands,SLB,2001,24.519695
Solomon Islands,SLB,2002,25.377228
Solomon Islands,SLB,2003,25.150677
Solomon Islands,SLB,2004,26.11416
Solomon Islands,SLB,2005,25.672722
Solomon Islands,SLB,2006,25.803383
Solomon Islands,SLB,2007,25.974426
Solomon Islands,SLB,2008,25.94625
Solomon Islands,SLB,2009,26.36514
Solomon Islands,SLB,2010,25.972538
Solomon Islands,SLB,2011,25.861168
Solomon Islands,SLB,2012,25.707895
Solomon Islands,SLB,2013,25.645233
Solomon Islands,SLB,2014,25.686615
Solomon Islands,SLB,2015,25.775269
Solomon Islands,SLB,2016,26.46825
Solomon Islands,SLB,2017,26.601292
Solomon Islands,SLB,2018,27.767689
Solomon Islands,SLB,2019,27.01847
Solomon Islands,SLB,2020,26.804033
Somalia,SOM,2000,0.912602
Somalia,SOM,2001,0.9128022
Somalia,SOM,2002,0.9134292
Somalia,SOM,2003,0.9145032
Somalia,SOM,2004,0.916597
Somalia,SOM,2005,0.9203975
Somalia,SOM,2006,0.925672
Somalia,SOM,2007,0.9298384
Somalia,SOM,2008,0.9309984
Somalia,SOM,2009,0.9301015
Somalia,SOM,2010,0.9279025
Somalia,SOM,2011,0.9237144
Somalia,SOM,2012,0.9203821
Somalia,SOM,2013,0.9199747
Somalia,SOM,2014,0.921025
Somalia,SOM,2015,0.9217457
Somalia,SOM,2016,0.9207926
Somalia,SOM,2017,0.9191271
Somalia,SOM,2018,0.9202289
Somalia,SOM,2019,0.9219528
Somalia,SOM,2020,0.9229548
South Africa,ZAF,2000,30.34074
South Africa,ZAF,2001,30.154253
South Africa,ZAF,2002,29.925282
South Africa,ZAF,2003,29.70194
South Africa,ZAF,2004,29.982533
South Africa,ZAF,2005,30.152891
South Africa,ZAF,2006,30.414793
South Africa,ZAF,2007,30.912933
South Africa,ZAF,2008,30.984888
South Africa,ZAF,2009,30.737768
South Africa,ZAF,2010,30.929966
South Africa,ZAF,2011,31.51767
South Africa,ZAF,2012,31.732664
South Africa,ZAF,2013,31.916851
South Africa,ZAF,2014,32.032665
South Africa,ZAF,2015,32.2872
South Africa,ZAF,2016,32.13934
South Africa,ZAF,2017,32.036106
South Africa,ZAF,2018,32.155254
South Africa,ZAF,2019,32.488316
South Africa,ZAF,2020,29.618544
South Korea,KOR,2000,74.774574
South Korea,KOR,2001,75.77915
South Korea,KOR,2002,74.3976
South Korea,KOR,2003,74.533646
South Korea,KOR,2004,74.18112
South Korea,KOR,2005,74.06323
South Korea,KOR,2006,73.89051
South Korea,KOR,2007,74.12321
South Korea,KOR,2008,74.27427
South Korea,KOR,2009,73.77987
South Korea,KOR,2010,73.74592
South Korea,KOR,2011,73.67289
South Korea,KOR,2012,73.80687
South Korea,KOR,2013,73.61409
South Korea,KOR,2014,72.93379
South Korea,KOR,2015,73.31275
South Korea,KOR,2016,73.02841
South Korea,KOR,2017,73.02787
South Korea,KOR,2018,72.929
South Korea,KOR,2019,72.72451
South Korea,KOR,2020,72.48463
Spain,ESP,2000,78.429054
Spain,ESP,2001,78.85583
Spain,ESP,2002,77.8816
Spain,ESP,2003,78.49829
Spain,ESP,2004,78.868835
Spain,ESP,2005,79.45877
Spain,ESP,2006,79.738556
Spain,ESP,2007,79.37517
Spain,ESP,2008,78.83646
Spain,ESP,2009,78.46087
Spain,ESP,2010,77.26234
Spain,ESP,2011,76.978226
Spain,ESP,2012,76.7038
Spain,ESP,2013,76.57492
Spain,ESP,2014,75.79711
Spain,ESP,2015,78.26363
Spain,ESP,2016,78.71168
Spain,ESP,2017,78.82479
Spain,ESP,2018,78.47219
Spain,ESP,2019,78.74251
Spain,ESP,2020,76.59257
Sri Lanka,LKA,2000,34.429893
Sri Lanka,LKA,2001,35.095165
Sri Lanka,LKA,2002,34.881798
Sri Lanka,LKA,2003,35.19962
Sri Lanka,LKA,2004,34.735077
Sri Lanka,LKA,2005,35.89013
Sri Lanka,LKA,2006,35.937786
Sri Lanka,LKA,2007,36.77482
Sri Lanka,LKA,2008,36.299267
Sri Lanka,LKA,2009,36.105946
Sri Lanka,LKA,2010,36.73672
Sri Lanka,LKA,2011,37.59844
Sri Lanka,LKA,2012,38.26703
Sri Lanka,LKA,2013,37.704967
Sri Lanka,LKA,2014,37.20064
Sri Lanka,LKA,2015,37.759285
Sri Lanka,LKA,2016,37.60746
Sri Lanka,LKA,2017,37.380035
Sri Lanka,LKA,2018,37.352016
Sri Lanka,LKA,2019,37.304234
Sri Lanka,LKA,2020,37.274994
Sudan,SDN,2000,6.958098
Sudan,SDN,2001,6.958098
Sudan,SDN,2002,6.958098
Sudan,SDN,2003,6.958098
Sudan,SDN,2004,6.958098
Sudan,SDN,2005,6.958098
Sudan,SDN,2006,6.958098
Sudan,SDN,2007,6.958098
Sudan,SDN,2008,6.958098
Sudan,SDN,2009,6.958098
Sudan,SDN,2010,6.903703
Sudan,SDN,2011,6.972111
Sudan,SDN,2012,6.8373814
Sudan,SDN,2013,6.848538
Sudan,SDN,2014,7.384219
Sudan,SDN,2015,6.9166307
Sudan,SDN,2016,6.950397
Sudan,SDN,2017,6.949042
Sudan,SDN,2018,6.952557
Sudan,SDN,2019,6.962732
Sudan,SDN,2020,6.960411
Suriname,SUR,2000,41.262516
Suriname,SUR,2001,41.06594
Suriname,SUR,2002,41.43004
Suriname,SUR,2003,41.762054
Suriname,SUR,2004,42.195194
Suriname,SUR,2005,42.042515
Suriname,SUR,2006,42.26968
Suriname,SUR,2007,42.8022
Suriname,SUR,2008,43.03993
Suriname,SUR,2009,43.25889
Suriname,SUR,2010,43.88453
Suriname,SUR,2011,44.80777
Suriname,SUR,2012,45.21778
Suriname,SUR,2013,45.386814
Suriname,SUR,2014,44.663532
Suriname,SUR,2015,43.43719
Suriname,SUR,2016,44.77682
Suriname,SUR,2017,45.540855
Suriname,SUR,2018,46.17335
Suriname,SUR,2019,47.206375
Suriname,SUR,2020,44.721783
Sweden,SWE,2000,75.855675
Sweden,SWE,2001,76.12339
Sweden,SWE,2002,76.5033
Sweden,SWE,2003,76.4961
Sweden,SWE,2004,76.224045
Sweden,SWE,2005,76.17857
Sweden,SWE,2006,76.65729
Sweden,SWE,2007,76.98834
Sweden,SWE,2008,77.0372
Sweden,SWE,2009,77.05391
Sweden,SWE,2010,77.21385
Sweden,SWE,2011,77.29055
Sweden,SWE,2012,77.239
Sweden,SWE,2013,77.33861
Sweden,SWE,2014,77.2424
Sweden,SWE,2015,77.25932
Sweden,SWE,2016,77.29912
Sweden,SWE,2017,77.22504
Sweden,SWE,2018,77.37742
Sweden,SWE,2019,77.31408
Sweden,SWE,2020,77.531555
Switzerland,CHE,2000,79.89378
Switzerland,CHE,2001,79.844734
Switzerland,CHE,2002,79.70401
Switzerland,CHE,2003,79.62898
Switzerland,CHE,2004,79.50666
Switzerland,CHE,2005,79.272995
Switzerland,CHE,2006,79.6836
Switzerland,CHE,2007,80.156395
Switzerland,CHE,2008,80.2323
Switzerland,CHE,2009,80.01531
Switzerland,CHE,2010,79.97834
Switzerland,CHE,2011,80.181625
Switzerland,CHE,2012,80.19501
Switzerland,CHE,2013,80.23284
Switzerland,CHE,2014,80.23565
Switzerland,CHE,2015,80.32754
Switzerland,CHE,2016,80.166275
Switzerland,CHE,2017,80.103645
Switzerland,CHE,2018,80.229935
Switzerland,CHE,2019,80.38552
Switzerland,CHE,2020,79.9572
Syria,SYR,2000,1.4607002
Syria,SYR,2001,1.4882755
Syria,SYR,2002,1.4921516
Syria,SYR,2003,1.5135689
Syria,SYR,2004,1.5486863
Syria,SYR,2005,1.5746542
Syria,SYR,2006,1.6148098
Syria,SYR,2007,1.6652625
Syria,SYR,2008,1.7152559
Syria,SYR,2009,1.7432656
Syria,SYR,2010,1.7923032
Syria,SYR,2011,1.7614416
Syria,SYR,2012,1.6482044
Syria,SYR,2013,1.6194464
Syria,SYR,2014,1.6311754
Syria,SYR,2015,1.595391
Syria,SYR,2016,1.5568064
Syria,SYR,2017,1.5343282
Syria,SYR,2018,1.5392532
Syria,SYR,2019,1.5273839
Syria,SYR,2020,1.4966038
Tajikistan,TJK,2000,12.404657
Tajikistan,TJK,2001,12.2518215
Tajikistan,TJK,2002,12.107409
Tajikistan,TJK,2003,11.909055
Tajikistan,TJK,2004,11.764156
Tajikistan,TJK,2005,11.593725
Tajikistan,TJK,2006,11.416247
Tajikistan,TJK,2007,11.321925
Tajikistan,TJK,2008,11.18636
Tajikistan,TJK,2009,11.2578
Tajikistan,TJK,2010,11.209573
Tajikistan,TJK,2011,11.323954
Tajikistan,TJK,2012,11.490194
Tajikistan,TJK,2013,11.60518
Tajikistan,TJK,2014,11.72698
Tajikistan,TJK,2015,11.8841305
Tajikistan,TJK,2016,11.860932
Tajikistan,TJK,2017,11.90916
Tajikistan,TJK,2018,11.939837
Tajikistan,TJK,2019,11.933875
Tajikistan,TJK,2020,11.855261
Tanzania,TZA,2000,31.88451
Tanzania,TZA,2001,32.136276
Tanzania,TZA,2002,30.667582
Tanzania,TZA,2003,27.508028
Tanzania,TZA,2004,31.254032
Tanzania,TZA,2005,31.464542
Tanzania,TZA,2006,31.752808
Tanzania,TZA,2007,32.436035
Tanzania,TZA,2008,30.176092
Tanzania,TZA,2009,31.741795
Tanzania,TZA,2010,31.738121
Tanzania,TZA,2011,31.504362
Tanzania,TZA,2012,31.351738
Tanzania,TZA,2013,31.131676
Tanzania,TZA,2014,31.616873
Tanzania,TZA,2015,31.607924
Tanzania,TZA,2016,30.967869
Tanzania,TZA,2017,30.188662
Tanzania,TZA,2018,29.757359
Tanzania,TZA,2019,30.057781
Tanzania,TZA,2020,30.776379
Thailand,THA,2000,51.24338
Thailand,THA,2001,51.96487
Thailand,THA,2002,52.038097
Thailand,THA,2003,52.748074
Thailand,THA,2004,52.8687
Thailand,THA,2005,53.207603
Thailand,THA,2006,53.267834
Thailand,THA,2007,52.94852
Thailand,THA,2008,50.152138
Thailand,THA,2009,50.075085
Thailand,THA,2010,50.233677
Thailand,THA,2011,50.816124
Thailand,THA,2012,51.625454
Thailand,THA,2013,51.227154
Thailand,THA,2014,51.13339
Thailand,THA,2015,51.106636
Thailand,THA,2016,51.385384
Thailand,THA,2017,51.727608
Thailand,THA,2018,49.652676
Thailand,THA,2019,51.014088
Thailand,THA,2020,50.72157
Togo,TGO,2000,36.93879
Togo,TGO,2001,36.271038
Togo,TGO,2002,36.34329
Togo,TGO,2003,36.29935
Togo,TGO,2004,36.163086
Togo,TGO,2005,37.174706
Togo,TGO,2006,37.326023
Togo,TGO,2007,37.72313
Togo,TGO,2008,37.57911
Togo,TGO,2009,37.174984
Togo,TGO,2010,37.10755
Togo,TGO,2011,36.889763
Togo,TGO,2012,36.687008
Togo,TGO,2013,37.31428
Togo,TGO,2014,36.97904
Togo,TGO,2015,37.34751
Togo,TGO,2016,36.918056
Togo,TGO,2017,36.43502
Togo,TGO,2018,36.487892
Togo,TGO,2019,36.373665
Togo,TGO,2020,36.502773
Tonga,TON,2000,26.249748
Tonga,TON,2001,26.59339
Tonga,TON,2002,26.074297
Tonga,TON,2003,26.904469
Tonga,TON,2004,26.757719
Tonga,TON,2005,27.04583
Tonga,TON,2006,26.800165
Tonga,TON,2007,27.215963
Tonga,TON,2008,26.16383
Tonga,TON,2009,26.042963
Tonga,TON,2010,26.248507
Tonga,TON,2011,25.329208
Tonga,TON,2012,23.835424
Tonga,TON,2013,23.98025
Tonga,TON,2014,24.184916
Tonga,TON,2015,24.394354
Tonga,TON,2016,24.40194
Tonga,TON,2017,24.395042
Tonga,TON,2018,24.321735
Tonga,TON,2019,24.288021
Tonga,TON,2020,24.27355
Trinidad and Tobago,TTO,2000,47.07285
Trinidad and Tobago,TTO,2001,47.02347
Trinidad and Tobago,TTO,2002,48.340572
Trinidad and Tobago,TTO,2003,49.186058
Trinidad and Tobago,TTO,2004,50.042168
Trinidad and Tobago,TTO,2005,50.73459
Trinidad and Tobago,TTO,2006,51.8661
Trinidad and Tobago,TTO,2007,52.276325
Trinidad and Tobago,TTO,2008,52.41378
Trinidad and Tobago,TTO,2009,52.2551
Trinidad and Tobago,TTO,2010,52.434574
Trinidad and Tobago,TTO,2011,52.44699
Trinidad and Tobago,TTO,2012,52.489407
Trinidad and Tobago,TTO,2013,52.391964
Trinidad and Tobago,TTO,2014,52.34883
Trinidad and Tobago,TTO,2015,52.10249
Trinidad and Tobago,TTO,2016,51.42004
Trinidad and Tobago,TTO,2017,51.1602
Trinidad and Tobago,TTO,2018,51.263702
Trinidad and Tobago,TTO,2019,51.68056
Trinidad and Tobago,TTO,2020,50.888027
Tunisia,TUN,2000,7.854319
Tunisia,TUN,2001,7.8337474
Tunisia,TUN,2002,7.841751
Tunisia,TUN,2003,7.920519
Tunisia,TUN,2004,8.006232
Tunisia,TUN,2005,8.097817
Tunisia,TUN,2006,8.244524
Tunisia,TUN,2007,8.158944
Tunisia,TUN,2008,8.340498
Tunisia,TUN,2009,8.402156
Tunisia,TUN,2010,8.336482
Tunisia,TUN,2011,8.348138
Tunisia,TUN,2012,8.501763
Tunisia,TUN,2013,8.5840645
Tunisia,TUN,2014,8.806953
Tunisia,TUN,2015,8.88469
Tunisia,TUN,2016,8.8831215
Tunisia,TUN,2017,8.886947
Tunisia,TUN,2018,8.91539
Tunisia,TUN,2019,8.920463
Tunisia,TUN,2020,8.512129
Turkey,TUR,2000,9.168349
Turkey,TUR,2001,9.087715
Turkey,TUR,2002,9.101702
Turkey,TUR,2003,9.070801
Turkey,TUR,2004,9.106115
Turkey,TUR,2005,8.962494
Turkey,TUR,2006,9.136668
Turkey,TUR,2007,9.229558
Turkey,TUR,2008,9.548777
Turkey,TUR,2009,9.496043
Turkey,TUR,2010,9.726724
Turkey,TUR,2011,10.005736
Turkey,TUR,2012,10.093221
Turkey,TUR,2013,10.050483
Turkey,TUR,2014,10.296072
Turkey,TUR,2015,10.3610115
Turkey,TUR,2016,10.303807
Turkey,TUR,2017,10.556157
Turkey,TUR,2018,10.627618
Turkey,TUR,2019,10.286659
Turkey,TUR,2020,10.320813
Turkmenistan,TKM,2000,15.99583
Turkmenistan,TKM,2001,15.132859
Turkmenistan,TKM,2002,15.053034
Turkmenistan,TKM,2003,15.141322
Turkmenistan,TKM,2004,15.053036
Turkmenistan,TKM,2005,15.111739
Turkmenistan,TKM,2006,14.986477
Turkmenistan,TKM,2007,14.582449
Turkmenistan,TKM,2008,14.511768
Turkmenistan,TKM,2009,14.353479
Turkmenistan,TKM,2010,15.6362505
Turkmenistan,TKM,2011,15.877069
Turkmenistan,TKM,2012,16.222925
Turkmenistan,TKM,2013,16.630692
Turkmenistan,TKM,2014,16.740728
Turkmenistan,TKM,2015,16.8677
Turkmenistan,TKM,2016,16.87225
Turkmenistan,TKM,2017,16.8186
Turkmenistan,TKM,2018,16.743597
Turkmenistan,TKM,2019,16.759932
Turkmenistan,TKM,2020,16.409342
Tuvalu,TUV,2000,27.150686
Tuvalu,TUV,2001,28.983187
Tuvalu,TUV,2002,25.140938
Tuvalu,TUV,2003,27.648397
Tuvalu,TUV,2004,29.233944
Tuvalu,TUV,2005,25.308926
Tuvalu,TUV,2006,26.793758
Tuvalu,TUV,2007,25.15965
Tuvalu,TUV,2008,26.438412
Tuvalu,TUV,2009,27.079113
Tuvalu,TUV,2010,26.398571
Tuvalu,TUV,2011,27.376268
Tuvalu,TUV,2012,28.802366
Tuvalu,TUV,2013,28.156178
Tuvalu,TUV,2014,28.809954
Tuvalu,TUV,2015,27.948586
Tuvalu,TUV,2016,26.9189
Tuvalu,TUV,2017,26.821695
Tuvalu,TUV,2018,26.862724
Tuvalu,TUV,2019,26.976406
Tuvalu,TUV,2020,27.0228
Uganda,UGA,2000,47.28678
Uganda,UGA,2001,47.177658
Uganda,UGA,2002,47.063206
Uganda,UGA,2003,46.855785
Uganda,UGA,2004,46.694633
Uganda,UGA,2005,46.735226
Uganda,UGA,2006,46.62265
Uganda,UGA,2007,46.4751
Uganda,UGA,2008,44.72387
Uganda,UGA,2009,44.418358
Uganda,UGA,2010,44.59451
Uganda,UGA,2011,44.3937
Uganda,UGA,2012,44.142193
Uganda,UGA,2013,43.801178
Uganda,UGA,2014,43.857944
Uganda,UGA,2015,43.95006
Uganda,UGA,2016,43.6066
Uganda,UGA,2017,42.74768
Uganda,UGA,2018,43.165493
Uganda,UGA,2019,42.63208
Uganda,UGA,2020,41.91974
Ukraine,UKR,2000,66.96665
Ukraine,UKR,2001,67.23814
Ukraine,UKR,2002,66.975204
Ukraine,UKR,2003,66.629974
Ukraine,UKR,2004,66.326225
Ukraine,UKR,2005,66.64722
Ukraine,UKR,2006,67.24894
Ukraine,UKR,2007,67.932434
Ukraine,UKR,2008,68.95768
Ukraine,UKR,2009,68.67939
Ukraine,UKR,2010,67.93434
Ukraine,UKR,2011,68.77211
Ukraine,UKR,2012,68.68361
Ukraine,UKR,2013,68.899284
Ukraine,UKR,2014,67.96384
Ukraine,UKR,2015,66.423584
Ukraine,UKR,2016,66.097435
Ukraine,UKR,2017,65.3655
Ukraine,UKR,2018,65.70808
Ukraine,UKR,2019,65.96099
Ukraine,UKR,2020,66.10149
United Arab Emirates,ARE,2000,11.744018
United Arab Emirates,ARE,2001,11.663883
United Arab Emirates,ARE,2002,11.671197
United Arab Emirates,ARE,2003,12.279906
United Arab Emirates,ARE,2004,12.673816
United Arab Emirates,ARE,2005,12.37766
United Arab Emirates,ARE,2006,12.20505
United Arab Emirates,ARE,2007,11.142715
United Arab Emirates,ARE,2008,10.688243
United Arab Emirates,ARE,2009,9.518432
United Arab Emirates,ARE,2010,9.301775
United Arab Emirates,ARE,2011,9.6949415
United Arab Emirates,ARE,2012,9.908115
United Arab Emirates,ARE,2013,10.161037
United Arab Emirates,ARE,2014,10.678342
United Arab Emirates,ARE,2015,9.948641
United Arab Emirates,ARE,2016,9.928678
United Arab Emirates,ARE,2017,10.27396
United Arab Emirates,ARE,2018,10.409385
United Arab Emirates,ARE,2019,10.598649
United Arab Emirates,ARE,2020,9.942922
United Kingdom,GBR,2000,78.08417
United Kingdom,GBR,2001,78.52179
United Kingdom,GBR,2002,78.611374
United Kingdom,GBR,2003,78.64995
United Kingdom,GBR,2004,78.97392
United Kingdom,GBR,2005,78.85741
United Kingdom,GBR,2006,78.707214
United Kingdom,GBR,2007,78.83057
United Kingdom,GBR,2008,78.59274
United Kingdom,GBR,2009,77.823654
United Kingdom,GBR,2010,77.92565
United Kingdom,GBR,2011,77.75436
United Kingdom,GBR,2012,77.5416
United Kingdom,GBR,2013,77.51606
United Kingdom,GBR,2014,77.58376
United Kingdom,GBR,2015,77.750046
United Kingdom,GBR,2016,77.936874
United Kingdom,GBR,2017,78.18435
United Kingdom,GBR,2018,78.32501
United Kingdom,GBR,2019,78.28094
United Kingdom,GBR,2020,77.917885
United States,USA,2000,69.07619
United States,USA,2001,69.18932
United States,USA,2002,69.33236
United States,USA,2003,69.53256
United States,USA,2004,69.782265
United States,USA,2005,70.03057
United States,USA,2006,70.25234
United States,USA,2007,70.46884
United States,USA,2008,70.45974
United States,USA,2009,70.22574
United States,USA,2010,70.20255
United States,USA,2011,70.36401
United States,USA,2012,70.6293
United States,USA,2013,70.63868
United States,USA,2014,70.68198
United States,USA,2015,70.739105
United States,USA,2016,70.83883
United States,USA,2017,70.88226
United States,USA,2018,71.02023
United States,USA,2019,71.09929
United States,USA,2020,71.14469
Uruguay,URY,2000,69.129875
Uruguay,URY,2001,68.8415
Uruguay,URY,2002,67.785965
Uruguay,URY,2003,66.767334
Uruguay,URY,2004,67.39562
Uruguay,URY,2005,67.87032
Uruguay,URY,2006,68.03893
Uruguay,URY,2007,67.85299
Uruguay,URY,2008,67.736244
Uruguay,URY,2009,68.15142
Uruguay,URY,2010,67.63455
Uruguay,URY,2011,67.733116
Uruguay,URY,2012,66.75831
Uruguay,URY,2013,67.07952
Uruguay,URY,2014,67.86401
Uruguay,URY,2015,67.90179
Uruguay,URY,2016,67.408005
Uruguay,URY,2017,67.485916
Uruguay,URY,2018,66.883545
Uruguay,URY,2019,67.25877
Uruguay,URY,2020,67.3933
Uzbekistan,UZB,2000,14.796256
Uzbekistan,UZB,2001,15.004513
Uzbekistan,UZB,2002,15.054763
Uzbekistan,UZB,2003,15.350052
Uzbekistan,UZB,2004,15.565225
Uzbekistan,UZB,2005,15.913607
Uzbekistan,UZB,2006,16.55066
Uzbekistan,UZB,2007,17.027672
Uzbekistan,UZB,2008,12.773183
Uzbekistan,UZB,2009,13.03735
Uzbekistan,UZB,2010,13.071045
Uzbekistan,UZB,2011,13.165648
Uzbekistan,UZB,2012,13.54909
Uzbekistan,UZB,2013,13.638906
Uzbekistan,UZB,2014,14.480224
Uzbekistan,UZB,2015,14.700846
Uzbekistan,UZB,2016,14.514114
Uzbekistan,UZB,2017,15.1014385
Uzbekistan,UZB,2018,14.707418
Uzbekistan,UZB,2019,14.761123
Uzbekistan,UZB,2020,14.26459
Vanuatu,VUT,2000,26.380089
Vanuatu,VUT,2001,25.559301
Vanuatu,VUT,2002,26.27017
Vanuatu,VUT,2003,26.32465
Vanuatu,VUT,2004,25.847
Vanuatu,VUT,2005,25.785822
Vanuatu,VUT,2006,25.853268
Vanuatu,VUT,2007,25.901371
Vanuatu,VUT,2008,26.063152
Vanuatu,VUT,2009,25.986298
Vanuatu,VUT,2010,27.2194
Vanuatu,VUT,2011,27.753805
Vanuatu,VUT,2012,28.020182
Vanuatu,VUT,2013,27.535217
Vanuatu,VUT,2014,27.170048
Vanuatu,VUT,2015,27.415583
Vanuatu,VUT,2016,27.42146
Vanuatu,VUT,2017,27.58992
Vanuatu,VUT,2018,27.591558
Vanuatu,VUT,2019,28.256958
Vanuatu,VUT,2020,28.089956
Venezuela,VEN,2000,47.520233
Venezuela,VEN,2001,47.644398
Venezuela,VEN,2002,45.838802
Venezuela,VEN,2003,45.27666
Venezuela,VEN,2004,46.905827
Venezuela,VEN,2005,47.55268
Venezuela,VEN,2006,48.237686
Venezuela,VEN,2007,49.04494
Venezuela,VEN,2008,48.48783
Venezuela,VEN,2009,47.552353
Venezuela,VEN,2010,47.016876
Venezuela,VEN,2011,46.33406
Venezuela,VEN,2012,46.255764
Venezuela,VEN,2013,46.36142
Venezuela,VEN,2014,46.03057
Venezuela,VEN,2015,45.465103
Venezuela,VEN,2016,42.00445
Venezuela,VEN,2017,40.507133
Venezuela,VEN,2018,38.994354
Venezuela,VEN,2019,37.76186
Venezuela,VEN,2020,36.559433
Vietnam,VNM,2000,41.36881
Vietnam,VNM,2001,41.696148
Vietnam,VNM,2002,42.274143
Vietnam,VNM,2003,43.33613
Vietnam,VNM,2004,44.966545
Vietnam,VNM,2005,45.557156
Vietnam,VNM,2006,46.75342
Vietnam,VNM,2007,47.85591
Vietnam,VNM,2008,49.09771
Vietnam,VNM,2009,50.10962
Vietnam,VNM,2010,51.440636
Vietnam,VNM,2011,52.366028
Vietnam,VNM,2012,52.91727
Vietnam,VNM,2013,53.412876
Vietnam,VNM,2014,53.846245
Vietnam,VNM,2015,54.56992
Vietnam,VNM,2016,55.271286
Vietnam,VNM,2017,55.586258
Vietnam,VNM,2018,55.528854
Vietnam,VNM,2019,55.653496
Vietnam,VNM,2020,53.704433
Yemen,YEM,2000,1.0599658
Yemen,YEM,2001,1.0625364
Yemen,YEM,2002,1.0630074
Yemen,YEM,2003,1.0582483
Yemen,YEM,2004,1.0650735
Yemen,YEM,2005,1.066101
Yemen,YEM,2006,1.0714582
Yemen,YEM,2007,1.0803716
Yemen,YEM,2008,1.0841249
Yemen,YEM,2009,1.0883085
Yemen,YEM,2010,1.1023505
Yemen,YEM,2011,1.0987742
Yemen,YEM,2012,1.1046808
Yemen,YEM,2013,1.115727
Yemen,YEM,2014,1.1256179
Yemen,YEM,2015,1.1261175
Yemen,YEM,2016,1.1319792
Yemen,YEM,2017,1.1385202
Yemen,YEM,2018,1.143708
Yemen,YEM,2019,1.1496505
Yemen,YEM,2020,1.1529229
Zambia,ZMB,2000,34.873535
Zambia,ZMB,2001,34.85549
Zambia,ZMB,2002,34.454403
Zambia,ZMB,2003,34.50673
Zambia,ZMB,2004,34.723423
Zambia,ZMB,2005,34.30045
Zambia,ZMB,2006,35.277264
Zambia,ZMB,2007,34.08296
Zambia,ZMB,2008,34.521923
Zambia,ZMB,2009,35.230663
Zambia,ZMB,2010,35.721054
Zambia,ZMB,2011,35.477913
Zambia,ZMB,2012,35.79705
Zambia,ZMB,2013,36.282726
Zambia,ZMB,2014,36.857517
Zambia,ZMB,2015,36.659966
Zambia,ZMB,2016,36.740646
Zambia,ZMB,2017,37.118336
Zambia,ZMB,2018,37.281353
Zambia,ZMB,2019,37.03396
Zambia,ZMB,2020,36.65001
Zimbabwe,ZWE,2000,19.139444
Zimbabwe,ZWE,2001,19.07116
Zimbabwe,ZWE,2002,19.441046
Zimbabwe,ZWE,2003,18.773045
Zimbabwe,ZWE,2004,19.028997
Zimbabwe,ZWE,2005,19.011929
Zimbabwe,ZWE,2006,19.254168
Zimbabwe,ZWE,2007,19.307518
Zimbabwe,ZWE,2008,18.495684
Zimbabwe,ZWE,2009,19.698202
Zimbabwe,ZWE,2010,20.59348
Zimbabwe,ZWE,2011,20.97102
Zimbabwe,ZWE,2012,22.023384
Zimbabwe,ZWE,2013,21.848583
Zimbabwe,ZWE,2014,21.441263
Zimbabwe,ZWE,2015,21.239231
Zimbabwe,ZWE,2016,20.903112
Zimbabwe,ZWE,2017,20.38818
Zimbabwe,ZWE,2018,20.94951
Zimbabwe,ZWE,2019,21.3652
Zimbabwe,ZWE,2020,19.35342
